service,metric,cluster_id,cluster_label,top_lga,lga_count,cluster_score,cluster_population,member_lgas
piped_water,burden,27,Abuja hotspot area (21 LGAs),Abuja,21,7578307.188768487,12274178.100031001,Abuja; Ningi; Toro; Bauchi; Akko; Lere; ZangonKataf; Ganjuwa; Alkaleri; BirninKudu; Mangu; Bwari; Gwagwalada; Kachia; Sumaila; Jema'a; Yamaltu/Deba; JosNorth; Gwaram; Tafawa-Balewa; Kagarko
piped_water,burden,0,Alimosho hotspot area (13 LGAs),Alimosho,13,5636543.05319982,11497019.030477002,Alimosho; AdoOdo/Ota; Oshodi/Isolo; Kosofe; Mushin; Ifako/Ijaye; Ojo; Ikeja; Ifo; Ajeromi/Ifelodun; Ikorodu; AmuwoOdofin; IjebuNorth
piped_water,burden,36,Igabi hotspot area (11 LGAs),Igabi,11,3495521.0343462983,5329827.945488,Igabi; Giwa; Chikun; Zaria; Kubau; Soba; Bichi; Kumbotso; Kiru; Rogo; Kano
piped_water,burden,46,Maru hotspot area (9 LGAs),Maru,9,2807276.1343646017,3713710.5423369994,Maru; Zurmi; Gusau; DankoWasagu; BirninGwari; KauraNamoda; Kankara; Bungudu; Tsafe
piped_water,burden,53,Kwande hotspot area (4 LGAs),Kwande,4,1149637.0344089465,1562369.0356369999,Kwande; Gboko; VandeIkya; Katsina-Ala
piped_water,burden,33,PortHarcourt hotspot area (3 LGAs),PortHarcourt,3,907035.4679354371,1718152.4336579998,PortHarcourt; Yenagoa; Abua/Odual
piped_water,burden,38,Gamawa hotspot area (3 LGAs),Gamawa,3,863171.6914302876,1168387.4041260001,Gamawa; Jakusko; KafinHausa
piped_water,severity,19,Safana hotspot area (27 LGAs),Safana,27,22.542261934773997,6605746.672861001,Safana; Charanchi; Kurfi; Matazu; Ingawa; Mani; Danmusa; BirninGwari; Sakaba; Maru; Dutsi; Faskari; Kusada; Kankara; Batsari; Sabuwa; Bindawa; Gwiwa; Tsanyawa; DankoWasagu; Shanono; Giwa; Fakai; Musawa; Mashi; Rijau; Kankia
piped_water,severity,7,Kwande hotspot area (13 LGAs),Kwande,13,10.567170704562793,3277208.1821349994,Kwande; Tarka; Katsina-Ala; Ado; Konshisha; Logo; VandeIkya; Ukum; Ohimini; Yala; Bukuru; Bekwarra; Awe
piped_water,severity,34,Muya hotspot area (10 LGAs),Muya,10,8.410475594674582,2631660.062664,Muya; Kajuru; Mariga; Paikoro; Kauru; Rafi; Shiroro; Kagarko; Kachia; Gurara
piped_water,severity,32,Tafawa-Balewa hotspot area (6 LGAs),Tafawa-Balewa,6,4.862544172415995,1601466.656831,Tafawa-Balewa; Mikang; Bogoro; Kanam; Toro; Pankshin
piped_water,severity,37,Edati hotspot area (4 LGAs),Edati,4,3.2818307631978967,797110.898157,Edati; Gbako; Katcha; Agaie
piped_water,severity,21,Kuje hotspot area (3 LGAs),Kuje,3,2.466443123309884,614148.788058,Kuje; Kogi; Toto
sewage,burden,5,Akko hotspot area (15 LGAs),Akko,15,6069202.958507599,6842128.124391001,Akko; Bauchi; Ningi; Alkaleri; Gamawa; Ganjuwa; BirninKudu; Yamaltu/Deba; KafinHausa; Darazo; Jakusko; Gwaram; Katagum; Funakaye; Shira
sewage,burden,37,Zurmi hotspot area (9 LGAs),Zurmi,9,3384447.1851869742,3713710.5423369994,Zurmi; Gusau; Maru; KauraNamoda; DankoWasagu; BirninGwari; Bungudu; Tsafe; Kankara
sewage,burden,21,Toro hotspot area (8 LGAs),Toro,8,3219027.0969166188,3691389.3750839997,Toro; JosNorth; Lere; ZangonKataf; Mangu; JosSouth; Jema'a; Kachia
sewage,burden,0,Alimosho hotspot area (6 LGAs),Alimosho,6,2745662.7338827285,6391203.769397,Alimosho; AdoOdo/Ota; Oshodi/Isolo; AmuwoOdofin; Ikorodu; Ifo
sewage,burden,10,Igabi hotspot area (6 LGAs),Igabi,6,2503561.1177038522,3048787.656915,Igabi; Chikun; Zaria; Giwa; Kubau; Soba
sewage,burden,1,Abuja hotspot area (3 LGAs),Abuja,3,2464373.453763237,3830478.2806909997,Abuja; Bwari; Gwagwalada
sewage,burden,35,Ungogo hotspot area (4 LGAs),Ungogo,4,1596554.4807991844,2424345.7430100003,Ungogo; Kano; Kumbotso; Gwale
sewage,burden,53,Aguata hotspot area (4 LGAs),Aguata,4,1445065.9430958633,1893226.3371179998,Aguata; IdemiliNorth; Anaocha; Ihiala
sewage,severity,18,Binji hotspot area (19 LGAs),Binji,19,18.30054880575554,4063419.0864800005,Binji; Bukkuyum; Gudu; ArewaDandi; Tangaza; SabonBirni; Kware; Yabo; Tureta; Gwadabawa; Tambuwal; Illela; Wurno; Suru; Shagari; Kalgo; Maiyama; Gwandu; Bodinga
sewage,severity,30,Machina hotspot area (16 LGAs),Machina,16,15.449259797066034,3747163.933404,Machina; Baure; Yusufari; Biriniwa; Gagarawa; Maigatari; Jakusko; Bade; Garki; Gamawa; SuleTankarkar; Zaki; KiriKasama; Guri; Auyo; KafinHausa
sewage,severity,40,Magumeri hotspot area (5 LGAs),Magumeri,5,4.820323157531849,842321.5856260001,Magumeri; Gubio; Nganzai; Mobbar; Abadam
sewage,severity,7,Awe hotspot area (4 LGAs),Awe,4,3.818565685173705,1040311.352391,Awe; Katsina-Ala; Ukum; Logo
sewage,severity,19,Dukku hotspot area (3 LGAs),Dukku,3,2.8996339384917587,1003523.5649969999,Dukku; Kirfi; Alkaleri
sewage,severity,27,Edati hotspot area (3 LGAs),Edati,3,2.8926217022611995,605397.451626,Edati; Gbako; Katcha
sewage,severity,8,Kaga hotspot area (3 LGAs),Kaga,3,2.8816524506713304,596555.208717,Kaga; Damboa; Chibok
sewage,severity,0,BirninGwari hotspot area (3 LGAs),BirninGwari,3,2.868713495298066,1003367.0288150001,BirninGwari; Sabuwa; Maru
