block_lat,block_lon,fold,lat_min,lat_max,lon_min,lon_max
-69,36,0,-34.5,-34.0,18.0,18.5
-69,40,0,-34.5,-34.0,20.0,20.5
-68,39,0,-34.0,-33.5,19.5,20.0
-68,40,0,-34.0,-33.5,20.0,20.5
-68,44,0,-34.0,-33.5,22.0,22.5
-68,46,0,-34.0,-33.5,23.0,23.5
-68,48,0,-34.0,-33.5,24.0,24.5
-68,51,0,-34.0,-33.5,25.5,26.0
-67,37,0,-33.5,-33.0,18.5,19.0
-67,55,0,-33.5,-33.0,27.5,28.0
-66,56,0,-33.0,-32.5,28.0,28.5
-65,37,0,-32.5,-32.0,18.5,19.0
-65,57,0,-32.5,-32.0,28.5,29.0
-64,48,0,-32.0,-31.5,24.0,24.5
-63,46,0,-31.5,-31.0,23.0,23.5
-63,54,0,-31.5,-31.0,27.0,27.5
-62,45,0,-31.0,-30.5,22.5,23.0
-62,61,0,-31.0,-30.5,30.5,31.0
-61,60,0,-30.5,-30.0,30.0,30.5
-61,61,0,-30.5,-30.0,30.5,31.0
-60,57,0,-30.0,-29.5,28.5,29.0
-60,58,0,-30.0,-29.5,29.0,29.5
-60,60,0,-30.0,-29.5,30.0,30.5
-60,61,0,-30.0,-29.5,30.5,31.0
-59,49,0,-29.5,-29.0,24.5,25.0
-59,52,0,-29.5,-29.0,26.0,26.5
-59,55,0,-29.5,-29.0,27.5,28.0
-59,59,0,-29.5,-29.0,29.5,30.0
-59,62,0,-29.5,-29.0,31.0,31.5
-58,59,0,-29.0,-28.5,29.5,30.0
-57,43,0,-28.5,-28.0,21.5,22.0
-57,55,0,-28.5,-28.0,27.5,28.0
-57,57,0,-28.5,-28.0,28.5,29.0
-56,54,0,-28.0,-27.5,27.0,27.5
-55,47,0,-27.5,-27.0,23.5,24.0
-55,54,0,-27.5,-27.0,27.0,27.5
-55,63,0,-27.5,-27.0,31.5,32.0
-54,30,0,-27.0,-26.5,15.0,15.5
-54,36,0,-27.0,-26.5,18.0,18.5
-54,43,0,-27.0,-26.5,21.5,22.0
-54,49,0,-27.0,-26.5,24.5,25.0
-54,53,0,-27.0,-26.5,26.5,27.0
-53,52,0,-26.5,-26.0,26.0,26.5
-53,56,0,-26.5,-26.0,28.0,28.5
-53,61,0,-26.5,-26.0,30.5,31.0
-52,55,0,-26.0,-25.5,27.5,28.0
-52,57,0,-26.0,-25.5,28.5,29.0
-51,39,0,-25.5,-25.0,19.5,20.0
-51,51,0,-25.5,-25.0,25.5,26.0
-51,54,0,-25.5,-25.0,27.0,27.5
-51,56,0,-25.5,-25.0,28.0,28.5
-51,61,0,-25.5,-25.0,30.5,31.0
-51,67,0,-25.5,-25.0,33.5,34.0
-51,91,0,-25.5,-25.0,45.5,46.0
-51,93,0,-25.5,-25.0,46.5,47.0
-50,50,0,-25.0,-24.5,25.0,25.5
-50,56,0,-25.0,-24.5,28.0,28.5
-50,62,0,-25.0,-24.5,31.0,31.5
-50,92,0,-25.0,-24.5,46.0,46.5
-49,52,0,-24.5,-24.0,26.0,26.5
-49,61,0,-24.5,-24.0,30.5,31.0
-48,39,0,-24.0,-23.5,19.5,20.0
-48,43,0,-24.0,-23.5,21.5,22.0
-48,47,0,-24.0,-23.5,23.5,24.0
-48,59,0,-24.0,-23.5,29.5,30.0
-48,87,0,-24.0,-23.5,43.5,44.0
-47,39,0,-23.5,-23.0,19.5,20.0
-47,51,0,-23.5,-23.0,25.5,26.0
-47,57,0,-23.5,-23.0,28.5,29.0
-47,58,0,-23.5,-23.0,29.0,29.5
-47,92,0,-23.5,-23.0,46.0,46.5
-46,55,0,-23.0,-22.5,27.5,28.0
-45,29,0,-22.5,-22.0,14.5,15.0
-45,34,0,-22.5,-22.0,17.0,17.5
-45,41,0,-22.5,-22.0,20.5,21.0
-45,42,0,-22.5,-22.0,21.0,21.5
-45,56,0,-22.5,-22.0,28.0,28.5
-45,59,0,-22.5,-22.0,29.5,30.0
-44,54,0,-22.0,-21.5,27.0,27.5
-44,57,0,-22.0,-21.5,28.5,29.0
-44,62,0,-22.0,-21.5,31.0,31.5
-43,34,0,-21.5,-21.0,17.0,17.5
-43,38,0,-21.5,-21.0,19.0,19.5
-43,39,0,-21.5,-21.0,19.5,20.0
-43,50,0,-21.5,-21.0,25.0,25.5
-43,58,0,-21.5,-21.0,29.0,29.5
-43,60,0,-21.5,-21.0,30.0,30.5
-43,93,0,-21.5,-21.0,46.5,47.0
-42,45,0,-21.0,-20.5,22.5,23.0
-42,58,0,-21.0,-20.5,29.0,29.5
-42,114,0,-21.0,-20.5,57.0,57.5
-41,33,0,-20.5,-20.0,16.5,17.0
-41,55,0,-20.5,-20.0,27.5,28.0
-41,64,0,-20.5,-20.0,32.0,32.5
-41,114,0,-20.5,-20.0,57.0,57.5
-40,54,0,-20.0,-19.5,27.0,27.5
-40,59,0,-20.0,-19.5,29.5,30.0
-40,62,0,-20.0,-19.5,31.0,31.5
-40,92,0,-20.0,-19.5,46.0,46.5
-40,94,0,-20.0,-19.5,47.0,47.5
-40,96,0,-20.0,-19.5,48.0,48.5
-39,59,0,-19.5,-19.0,29.5,30.0
-39,65,0,-19.5,-19.0,32.5,33.0
-39,93,0,-19.5,-19.0,46.5,47.0
-39,96,0,-19.5,-19.0,48.0,48.5
-38,36,0,-19.0,-18.5,18.0,18.5
-38,51,0,-19.0,-18.5,25.5,26.0
-38,56,0,-19.0,-18.5,28.0,28.5
-38,57,0,-19.0,-18.5,28.5,29.0
-38,60,0,-19.0,-18.5,30.0,30.5
-38,64,0,-19.0,-18.5,32.0,32.5
-38,66,0,-19.0,-18.5,33.0,33.5
-38,70,0,-19.0,-18.5,35.0,35.5
-38,91,0,-19.0,-18.5,45.5,46.0
-37,27,0,-18.5,-18.0,13.5,14.0
-37,30,0,-18.5,-18.0,15.0,15.5
-37,41,0,-18.5,-18.0,20.5,21.0
-37,62,0,-18.5,-18.0,31.0,31.5
-37,65,0,-18.5,-18.0,32.5,33.0
-37,68,0,-18.5,-18.0,34.0,34.5
-37,70,0,-18.5,-18.0,35.0,35.5
-37,73,0,-18.5,-18.0,36.5,37.0
-36,27,0,-18.0,-17.5,13.5,14.0
-36,30,0,-18.0,-17.5,15.0,15.5
-36,33,0,-18.0,-17.5,16.5,17.0
-36,39,0,-18.0,-17.5,19.5,20.0
-36,41,0,-18.0,-17.5,20.5,21.0
-36,42,0,-18.0,-17.5,21.0,21.5
-36,45,0,-18.0,-17.5,22.5,23.0
-36,47,0,-18.0,-17.5,23.5,24.0
-36,57,0,-18.0,-17.5,28.5,29.0
-36,64,0,-18.0,-17.5,32.0,32.5
-36,66,0,-18.0,-17.5,33.0,33.5
-36,68,0,-18.0,-17.5,34.0,34.5
-36,70,0,-18.0,-17.5,35.0,35.5
-36,74,0,-18.0,-17.5,37.0,37.5
-36,96,0,-18.0,-17.5,48.0,48.5
-35,32,0,-17.5,-17.0,16.0,16.5
-35,54,0,-17.5,-17.0,27.0,27.5
-35,59,0,-17.5,-17.0,29.5,30.0
-35,63,0,-17.5,-17.0,31.5,32.0
-35,69,0,-17.5,-17.0,34.5,35.0
-34,29,0,-17.0,-16.5,14.5,15.0
-34,30,0,-17.0,-16.5,15.0,15.5
-34,61,0,-17.0,-16.5,30.5,31.0
-34,63,0,-17.0,-16.5,31.5,32.0
-34,65,0,-17.0,-16.5,32.5,33.0
-34,69,0,-17.0,-16.5,34.5,35.0
-34,73,0,-17.0,-16.5,36.5,37.0
-34,89,0,-17.0,-16.5,44.5,45.0
-33,53,0,-16.5,-16.0,26.5,27.0
-33,54,0,-16.5,-16.0,27.0,27.5
-33,61,0,-16.5,-16.0,30.5,31.0
-33,79,0,-16.5,-16.0,39.5,40.0
-33,93,0,-16.5,-16.0,46.5,47.0
-32,52,0,-16.0,-15.5,26.0,26.5
-32,53,0,-16.0,-15.5,26.5,27.0
-32,71,0,-16.0,-15.5,35.5,36.0
-32,74,0,-16.0,-15.5,37.0,37.5
-32,76,0,-16.0,-15.5,38.0,38.5
-32,78,0,-16.0,-15.5,39.0,39.5
-32,96,0,-16.0,-15.5,48.0,48.5
-31,24,0,-15.5,-15.0,12.0,12.5
-31,45,0,-15.5,-15.0,22.5,23.0
-31,58,0,-15.5,-15.0,29.0,29.5
-31,100,0,-15.5,-15.0,50.0,50.5
-30,28,0,-15.0,-14.5,14.0,14.5
-30,45,0,-15.0,-14.5,22.5,23.0
-30,100,0,-15.0,-14.5,50.0,50.5
-29,30,0,-14.5,-14.0,15.0,15.5
-29,31,0,-14.5,-14.0,15.5,16.0
-29,33,0,-14.5,-14.0,16.5,17.0
-29,73,0,-14.5,-14.0,36.5,37.0
-29,79,0,-14.5,-14.0,39.5,40.0
-28,46,0,-14.0,-13.5,23.0,23.5
-28,47,0,-14.0,-13.5,23.5,24.0
-28,57,0,-14.0,-13.5,28.5,29.0
-28,58,0,-14.0,-13.5,29.0,29.5
-28,68,0,-14.0,-13.5,34.0,34.5
-27,49,0,-13.5,-13.0,24.5,25.0
-27,59,0,-13.5,-13.0,29.5,30.0
-27,66,0,-13.5,-13.0,33.0,33.5
-27,77,0,-13.5,-13.0,38.5,39.0
-26,31,0,-13.0,-12.5,15.5,16.0
-26,34,0,-13.0,-12.5,17.0,17.5
-26,61,0,-13.0,-12.5,30.5,31.0
-25,27,0,-12.5,-12.0,13.5,14.0
-25,36,0,-12.5,-12.0,18.0,18.5
-25,55,0,-12.5,-12.0,27.5,28.0
-25,80,0,-12.5,-12.0,40.0,40.5
-24,27,0,-12.0,-11.5,13.5,14.0
-24,48,0,-12.0,-11.5,24.0,24.5
-24,79,0,-12.0,-11.5,39.5,40.0
-23,30,0,-11.5,-11.0,15.0,15.5
-23,48,0,-11.5,-11.0,24.0,24.5
-23,49,0,-11.5,-11.0,24.5,25.0
-23,74,0,-11.5,-11.0,37.0,37.5
-22,62,0,-11.0,-10.5,31.0,31.5
-22,64,0,-11.0,-10.5,32.0,32.5
-22,67,0,-11.0,-10.5,33.5,34.0
-22,78,0,-11.0,-10.5,39.0,39.5
-21,38,0,-10.5,-10.0,19.0,19.5
-21,60,0,-10.5,-10.0,30.0,30.5
-21,79,0,-10.5,-10.0,39.5,40.0
-20,35,0,-10.0,-9.5,17.5,18.0
-20,40,0,-10.0,-9.5,20.0,20.5
-20,58,0,-10.0,-9.5,29.0,29.5
-20,69,0,-10.0,-9.5,34.5,35.0
-19,35,0,-9.5,-9.0,17.5,18.0
-19,58,0,-9.5,-9.0,29.0,29.5
-19,63,0,-9.5,-9.0,31.5,32.0
-19,66,0,-9.5,-9.0,33.0,33.5
-19,67,0,-9.5,-9.0,33.5,34.0
-18,35,0,-9.0,-8.5,17.5,18.0
-18,67,0,-9.0,-8.5,33.5,34.0
-18,70,0,-9.0,-8.5,35.0,35.5
-18,73,0,-9.0,-8.5,36.5,37.0
-17,30,0,-8.5,-8.0,15.0,15.5
-17,58,0,-8.5,-8.0,29.0,29.5
-17,66,0,-8.5,-8.0,33.0,33.5
-16,30,0,-8.0,-7.5,15.0,15.5
-15,41,0,-7.5,-7.0,20.5,21.0
-15,75,0,-7.5,-7.0,37.5,38.0
-14,63,0,-7.0,-6.5,31.5,32.0
-14,64,0,-7.0,-6.5,32.0,32.5
-14,74,0,-7.0,-6.5,37.0,37.5
-14,75,0,-7.0,-6.5,37.5,38.0
-13,62,0,-6.5,-6.0,31.0,31.5
-13,72,0,-6.5,-6.0,36.0,36.5
-12,59,0,-6.0,-5.5,29.5,30.0
-12,75,0,-6.0,-5.5,37.5,38.0
-11,77,0,-5.5,-5.0,38.5,39.0
-11,78,0,-5.5,-5.0,39.0,39.5
-10,60,0,-5.0,-4.5,30.0,30.5
-9,23,0,-4.5,-4.0,11.5,12.0
-9,26,0,-4.5,-4.0,13.0,13.5
-9,28,0,-4.5,-4.0,14.0,14.5
-9,59,0,-4.5,-4.0,29.5,30.0
-9,60,0,-4.5,-4.0,30.0,30.5
-9,71,0,-4.5,-4.0,35.5,36.0
-9,75,0,-4.5,-4.0,37.5,38.0
-9,78,0,-4.5,-4.0,39.0,39.5
-8,26,0,-4.0,-3.5,13.0,13.5
-8,29,0,-4.0,-3.5,14.5,15.0
-8,61,0,-4.0,-3.5,30.5,31.0
-8,67,0,-4.0,-3.5,33.5,34.0
-8,70,0,-4.0,-3.5,35.0,35.5
-8,75,0,-4.0,-3.5,37.5,38.0
-7,23,0,-3.5,-3.0,11.5,12.0
-7,31,0,-3.5,-3.0,15.5,16.0
-7,74,0,-3.5,-3.0,37.0,37.5
-7,76,0,-3.5,-3.0,38.0,38.5
-6,20,0,-3.0,-2.5,10.0,10.5
-6,25,0,-3.0,-2.5,12.5,13.0
-6,60,0,-3.0,-2.5,30.0,30.5
-5,62,0,-2.5,-2.0,31.0,31.5
-4,26,0,-2.0,-1.5,13.0,13.5
-4,28,0,-2.0,-1.5,14.0,14.5
-4,31,0,-2.0,-1.5,15.5,16.0
-4,61,0,-2.0,-1.5,30.5,31.0
-4,62,0,-2.0,-1.5,31.0,31.5
-4,66,0,-2.0,-1.5,33.0,33.5
-4,80,0,-2.0,-1.5,40.0,40.5
-3,21,0,-1.5,-1.0,10.5,11.0
-3,24,0,-1.5,-1.0,12.0,12.5
-3,30,0,-1.5,-1.0,15.0,15.5
-3,33,0,-1.5,-1.0,16.5,17.0
-3,59,0,-1.5,-1.0,29.5,30.0
-3,67,0,-1.5,-1.0,33.5,34.0
-3,71,0,-1.5,-1.0,35.5,36.0
-3,75,0,-1.5,-1.0,37.5,38.0
-2,17,0,-1.0,-0.5,8.5,9.0
-2,60,0,-1.0,-0.5,30.0,30.5
-2,74,0,-1.0,-0.5,37.0,37.5
-1,20,0,-0.5,0.0,10.0,10.5
-1,31,0,-0.5,0.0,15.5,16.0
-1,69,0,-0.5,0.0,34.5,35.0
-1,73,0,-0.5,0.0,36.5,37.0
-1,74,0,-0.5,0.0,37.0,37.5
0,12,0,0.0,0.5,6.0,6.5
0,13,0,0.0,0.5,6.5,7.0
0,18,0,0.0,0.5,9.0,9.5
0,19,0,0.0,0.5,9.5,10.0
0,21,0,0.0,0.5,10.5,11.0
0,63,0,0.0,0.5,31.5,32.0
0,67,0,0.0,0.5,33.5,34.0
0,68,0,0.0,0.5,34.0,34.5
0,76,0,0.0,0.5,38.0,38.5
0,79,0,0.0,0.5,39.5,40.0
1,67,0,0.5,1.0,33.5,34.0
2,64,0,1.0,1.5,32.0,32.5
2,66,0,1.0,1.5,33.0,33.5
2,68,0,1.0,1.5,34.0,34.5
2,73,0,1.0,1.5,36.5,37.0
2,75,0,1.0,1.5,37.5,38.0
3,68,0,1.5,2.0,34.0,34.5
4,24,0,2.0,2.5,12.0,12.5
4,62,0,2.0,2.5,31.0,31.5
4,66,0,2.0,2.5,33.0,33.5
4,69,0,2.0,2.5,34.5,35.0
5,22,0,2.5,3.0,11.0,11.5
5,64,0,2.5,3.0,32.0,32.5
5,67,0,2.5,3.0,33.5,34.0
5,72,0,2.5,3.0,36.0,36.5
6,63,0,3.0,3.5,31.5,32.0
6,65,0,3.0,3.5,32.5,33.0
7,65,0,3.5,4.0,32.5,33.0
7,69,0,3.5,4.0,34.5,35.0
7,71,0,3.5,4.0,35.5,36.0
7,82,0,3.5,4.0,41.0,41.5
8,-16,0,4.0,4.5,-8.0,-7.5
8,24,0,4.0,4.5,12.0,12.5
8,27,0,4.0,4.5,13.5,14.0
9,-4,0,4.5,5.0,-2.0,-1.5
9,13,0,4.5,5.0,6.5,7.0
9,14,0,4.5,5.0,7.0,7.5
9,22,0,4.5,5.0,11.0,11.5
10,-19,0,5.0,5.5,-9.5,-9.0
10,-16,0,5.0,5.5,-8.0,-7.5
10,-14,0,5.0,5.5,-7.0,-6.5
10,-9,0,5.0,5.5,-4.5,-4.0
10,-3,0,5.0,5.5,-1.5,-1.0
10,20,0,5.0,5.5,10.0,10.5
10,21,0,5.0,5.5,10.5,11.0
11,-21,0,5.5,6.0,-10.5,-10.0
11,-19,0,5.5,6.0,-9.5,-9.0
11,-13,0,5.5,6.0,-6.5,-6.0
11,-11,0,5.5,6.0,-5.5,-5.0
11,-4,0,5.5,6.0,-2.0,-1.5
11,-2,0,5.5,6.0,-1.0,-0.5
11,15,0,5.5,6.0,7.5,8.0
12,-15,0,6.0,6.5,-7.5,-7.0
12,-8,0,6.0,6.5,-4.0,-3.5
12,0,0,6.0,6.5,0.0,0.5
12,1,0,6.0,6.5,0.5,1.0
12,11,0,6.0,6.5,5.5,6.0
12,18,0,6.0,6.5,9.0,9.5
12,21,0,6.0,6.5,10.5,11.0
12,22,0,6.0,6.5,11.0,11.5
12,73,0,6.0,6.5,36.5,37.0
12,75,0,6.0,6.5,37.5,38.0
12,76,0,6.0,6.5,38.0,38.5
12,77,0,6.0,6.5,38.5,39.0
13,-10,0,6.5,7.0,-5.0,-4.5
13,-8,0,6.5,7.0,-4.0,-3.5
13,-5,0,6.5,7.0,-2.5,-2.0
13,-3,0,6.5,7.0,-1.5,-1.0
13,-2,0,6.5,7.0,-1.0,-0.5
13,0,0,6.5,7.0,0.0,0.5
13,3,0,6.5,7.0,1.5,2.0
13,7,0,6.5,7.0,3.5,4.0
13,28,0,6.5,7.0,14.0,14.5
13,80,0,6.5,7.0,40.0,40.5
13,82,0,6.5,7.0,41.0,41.5
13,88,0,6.5,7.0,44.0,44.5
14,-24,0,7.0,7.5,-12.0,-11.5
14,-22,0,7.0,7.5,-11.0,-10.5
14,-11,0,7.0,7.5,-5.5,-5.0
14,-9,0,7.0,7.5,-4.5,-4.0
14,-6,0,7.0,7.5,-3.0,-2.5
14,-4,0,7.0,7.5,-2.0,-1.5
14,-3,0,7.0,7.5,-1.5,-1.0
14,0,0,7.0,7.5,0.0,0.5
14,10,0,7.0,7.5,5.0,5.5
14,26,0,7.0,7.5,13.0,13.5
14,30,0,7.0,7.5,15.0,15.5
14,72,0,7.0,7.5,36.0,36.5
14,73,0,7.0,7.5,36.5,37.0
14,75,0,7.0,7.5,37.5,38.0
14,79,0,7.0,7.5,39.5,40.0
14,91,0,7.0,7.5,45.5,46.0
15,-23,0,7.5,8.0,-11.5,-11.0
15,-15,0,7.5,8.0,-7.5,-7.0
15,-11,0,7.5,8.0,-5.5,-5.0
15,-8,0,7.5,8.0,-4.0,-3.5
15,-7,0,7.5,8.0,-3.5,-3.0
15,-6,0,7.5,8.0,-3.0,-2.5
15,-5,0,7.5,8.0,-2.5,-2.0
15,-4,0,7.5,8.0,-2.0,-1.5
15,-2,0,7.5,8.0,-1.0,-0.5
15,1,0,7.5,8.0,0.5,1.0
15,4,0,7.5,8.0,2.0,2.5
15,10,0,7.5,8.0,5.0,5.5
15,12,0,7.5,8.0,6.0,6.5
15,13,0,7.5,8.0,6.5,7.0
15,19,0,7.5,8.0,9.5,10.0
15,21,0,7.5,8.0,10.5,11.0
15,69,0,7.5,8.0,34.5,35.0
15,75,0,7.5,8.0,37.5,38.0
15,87,0,7.5,8.0,43.5,44.0
15,89,0,7.5,8.0,44.5,45.0
16,-24,0,8.0,8.5,-12.0,-11.5
16,-23,0,8.0,8.5,-11.5,-11.0
16,-17,0,8.0,8.5,-8.5,-8.0
16,-9,0,8.0,8.5,-4.5,-4.0
16,-8,0,8.0,8.5,-4.0,-3.5
16,0,0,8.0,8.5,0.0,0.5
16,4,0,8.0,8.5,2.0,2.5
16,26,0,8.0,8.5,13.0,13.5
16,30,0,8.0,8.5,15.0,15.5
16,67,0,8.0,8.5,33.5,34.0
16,68,0,8.0,8.5,34.0,34.5
16,69,0,8.0,8.5,34.5,35.0
16,71,0,8.0,8.5,35.5,36.0
16,78,0,8.0,8.5,39.0,39.5
17,-22,0,8.5,9.0,-11.0,-10.5
17,-9,0,8.5,9.0,-4.5,-4.0
17,-3,0,8.5,9.0,-1.5,-1.0
17,12,0,8.5,9.0,6.0,6.5
17,22,0,8.5,9.0,11.0,11.5
18,-26,0,9.0,9.5,-13.0,-12.5
18,-23,0,9.0,9.5,-11.5,-11.0
18,-18,0,9.0,9.5,-9.0,-8.5
18,-12,0,9.0,9.5,-6.0,-5.5
18,-5,0,9.0,9.5,-2.5,-2.0
18,-1,0,9.0,9.5,-0.5,0.0
18,0,0,9.0,9.5,0.0,0.5
18,9,0,9.0,9.5,4.5,5.0
18,14,0,9.0,9.5,7.0,7.5
18,71,0,9.0,9.5,35.5,36.0
18,73,0,9.0,9.5,36.5,37.0
18,82,0,9.0,9.5,41.0,41.5
19,-27,0,9.5,10.0,-13.5,-13.0
19,-20,0,9.5,10.0,-10.0,-9.5
19,-15,0,9.5,10.0,-7.5,-7.0
19,15,0,9.5,10.0,7.5,8.0
19,19,0,9.5,10.0,9.5,10.0
19,25,0,9.5,10.0,12.5,13.0
19,77,0,9.5,10.0,38.5,39.0
20,-19,0,10.0,10.5,-9.5,-9.0
20,-7,0,10.0,10.5,-3.5,-3.0
20,-1,0,10.0,10.5,-0.5,0.0
20,2,0,10.0,10.5,1.0,1.5
20,4,0,10.0,10.5,2.0,2.5
20,17,0,10.0,10.5,8.5,9.0
20,19,0,10.0,10.5,9.5,10.0
20,23,0,10.0,10.5,11.5,12.0
20,73,0,10.0,10.5,36.5,37.0
21,-24,0,10.5,11.0,-12.0,-11.5
21,-20,0,10.5,11.0,-10.0,-9.5
21,-8,0,10.5,11.0,-4.0,-3.5
21,-5,0,10.5,11.0,-2.5,-2.0
21,-3,0,10.5,11.0,-1.5,-1.0
21,-2,0,10.5,11.0,-1.0,-0.5
21,72,0,10.5,11.0,36.0,36.5
21,78,0,10.5,11.0,39.0,39.5
22,-28,0,11.0,11.5,-14.0,-13.5
22,-26,0,11.0,11.5,-13.0,-12.5
22,-17,0,11.0,11.5,-8.5,-8.0
22,-16,0,11.0,11.5,-8.0,-7.5
22,-13,0,11.0,11.5,-6.5,-6.0
22,-8,0,11.0,11.5,-4.0,-3.5
22,-2,0,11.0,11.5,-1.0,-0.5
22,0,0,11.0,11.5,0.0,0.5
22,75,0,11.0,11.5,37.5,38.0
22,78,0,11.0,11.5,39.0,39.5
22,81,0,11.0,11.5,40.5,41.0
23,-25,0,11.5,12.0,-12.5,-12.0
23,-8,0,11.5,12.0,-4.0,-3.5
23,6,0,11.5,12.0,3.0,3.5
23,16,0,11.5,12.0,8.0,8.5
23,26,0,11.5,12.0,13.0,13.5
23,59,0,11.5,12.0,29.5,30.0
23,68,0,11.5,12.0,34.0,34.5
23,74,0,11.5,12.0,37.0,37.5
23,82,0,11.5,12.0,41.0,41.5
24,-19,0,12.0,12.5,-9.5,-9.0
24,-16,0,12.0,12.5,-8.0,-7.5
24,-13,0,12.0,12.5,-6.5,-6.0
24,5,0,12.0,12.5,2.5,3.0
24,17,0,12.0,12.5,8.5,9.0
24,59,0,12.0,12.5,29.5,30.0
24,76,0,12.0,12.5,38.0,38.5
25,-31,0,12.5,13.0,-15.5,-15.0
25,-25,0,12.5,13.0,-12.5,-12.0
25,-5,0,12.5,13.0,-2.5,-2.0
25,-4,0,12.5,13.0,-2.0,-1.5
25,12,0,12.5,13.0,6.0,6.5
25,14,0,12.5,13.0,7.0,7.5
25,75,0,12.5,13.0,37.5,38.0
25,77,0,12.5,13.0,38.5,39.0
26,-31,0,13.0,13.5,-15.5,-15.0
26,-18,0,13.0,13.5,-9.0,-8.5
26,-13,0,13.0,13.5,-6.5,-6.0
26,-10,0,13.0,13.5,-5.0,-4.5
26,-9,0,13.0,13.5,-4.5,-4.0
26,4,0,13.0,13.5,2.0,2.5
26,18,0,13.0,13.5,9.0,9.5
26,22,0,13.0,13.5,11.0,11.5
26,67,0,13.0,13.5,33.5,34.0
27,-21,0,13.5,14.0,-10.5,-10.0
27,-15,0,13.5,14.0,-7.5,-7.0
27,-12,0,13.5,14.0,-6.0,-5.5
27,-8,0,13.5,14.0,-4.0,-3.5
27,2,0,13.5,14.0,1.0,1.5
27,15,0,13.5,14.0,7.5,8.0
27,17,0,13.5,14.0,8.5,9.0
27,19,0,13.5,14.0,9.5,10.0
27,24,0,13.5,14.0,12.0,12.5
27,62,0,13.5,14.0,31.0,31.5
27,78,0,13.5,14.0,39.0,39.5
28,-26,0,14.0,14.5,-13.0,-12.5
28,-21,0,14.0,14.5,-10.5,-10.0
28,-20,0,14.0,14.5,-10.0,-9.5
28,-17,0,14.0,14.5,-8.5,-8.0
28,-8,0,14.0,14.5,-4.0,-3.5
28,2,0,14.0,14.5,1.0,1.5
28,5,0,14.0,14.5,2.5,3.0
28,8,0,14.0,14.5,4.0,4.5
28,10,0,14.0,14.5,5.0,5.5
28,11,0,14.0,14.5,5.5,6.0
28,19,0,14.0,14.5,9.5,10.0
28,79,0,14.0,14.5,39.5,40.0
29,-47,0,14.5,15.0,-23.5,-23.0
29,-26,0,14.5,15.0,-13.0,-12.5
29,-22,0,14.5,15.0,-11.0,-10.5
29,-12,0,14.5,15.0,-6.0,-5.5
29,-9,0,14.5,15.0,-4.5,-4.0
29,0,0,14.5,15.0,0.0,0.5
29,1,0,14.5,15.0,0.5,1.0
29,6,0,14.5,15.0,3.0,3.5
29,64,0,14.5,15.0,32.0,32.5
30,-32,0,15.0,15.5,-16.0,-15.5
30,-31,0,15.0,15.5,-15.5,-15.0
30,-30,0,15.0,15.5,-15.0,-14.5
30,-29,0,15.0,15.5,-14.5,-14.0
30,-27,0,15.0,15.5,-13.5,-13.0
30,-21,0,15.0,15.5,-10.5,-10.0
30,-8,0,15.0,15.5,-4.0,-3.5
30,12,0,15.0,15.5,6.0,6.5
31,-32,0,15.5,16.0,-16.0,-15.5
31,-26,0,15.5,16.0,-13.0,-12.5
31,-19,0,15.5,16.0,-9.5,-9.0
31,0,0,15.5,16.0,0.0,0.5
31,10,0,15.5,16.0,5.0,5.5
31,13,0,15.5,16.0,6.5,7.0
31,65,0,15.5,16.0,32.5,33.0
32,-32,0,16.0,16.5,-16.0,-15.5
32,-30,0,16.0,16.5,-15.0,-14.5
32,-26,0,16.0,16.5,-13.0,-12.5
32,-23,0,16.0,16.5,-11.5,-11.0
32,12,0,16.0,16.5,6.0,6.5
33,-1,0,16.5,17.0,-0.5,0.0
34,-28,0,17.0,17.5,-14.0,-13.5
34,-27,0,17.0,17.5,-13.5,-13.0
36,63,0,18.0,18.5,31.5,32.0
47,-32,0,23.5,24.0,-16.0,-15.5
57,-21,0,28.5,29.0,-10.5,-10.0
58,-19,0,29.0,29.5,-9.5,-9.0
60,-20,0,30.0,30.5,-10.0,-9.5
60,26,0,30.0,30.5,13.0,13.5
61,-18,0,30.5,31.0,-9.0,-8.5
61,-12,0,30.5,31.0,-6.0,-5.5
61,-11,0,30.5,31.0,-5.5,-5.0
63,-20,0,31.5,32.0,-10.0,-9.5
63,-18,0,31.5,32.0,-9.0,-8.5
63,-16,0,31.5,32.0,-8.0,-7.5
63,-15,0,31.5,32.0,-7.5,-7.0
64,-12,0,32.0,32.5,-6.0,-5.5
64,20,0,32.0,32.5,10.0,10.5
65,-15,0,32.5,33.0,-7.5,-7.0
65,-14,0,32.5,33.0,-7.0,-6.5
65,-12,0,32.5,33.0,-6.0,-5.5
65,20,0,32.5,33.0,10.0,10.5
66,-15,0,33.0,33.5,-7.5,-7.0
66,-10,0,33.0,33.5,-5.0,-4.5
66,-9,0,33.0,33.5,-4.5,-4.0
66,15,0,33.0,33.5,7.5,8.0
67,-15,0,33.5,34.0,-7.5,-7.0
67,-10,0,33.5,34.0,-5.0,-4.5
68,-14,0,34.0,34.5,-7.0,-6.5
68,-10,0,34.0,34.5,-5.0,-4.5
69,-6,0,34.5,35.0,-3.0,-2.5
69,-5,0,34.5,35.0,-2.5,-2.0
69,-4,0,34.5,35.0,-2.0,-1.5
69,20,0,34.5,35.0,10.0,10.5
70,-11,0,35.0,35.5,-5.5,-5.0
70,-10,0,35.0,35.5,-5.0,-4.5
70,-7,0,35.0,35.5,-3.5,-3.0
70,22,0,35.0,35.5,11.0,11.5
71,17,0,35.5,36.0,8.5,9.0
71,18,0,35.5,36.0,9.0,9.5
71,21,0,35.5,36.0,10.5,11.0
71,22,0,35.5,36.0,11.0,11.5
72,17,0,36.0,36.5,8.5,9.0
72,18,0,36.0,36.5,9.0,9.5
72,20,0,36.0,36.5,10.0,10.5
72,21,0,36.0,36.5,10.5,11.0
73,20,0,36.5,37.0,10.0,10.5
-70,38,1,-35.0,-34.5,19.0,19.5
-69,38,1,-34.5,-34.0,19.0,19.5
-69,49,1,-34.5,-34.0,24.5,25.0
-68,36,1,-34.0,-33.5,18.0,18.5
-68,43,1,-34.0,-33.5,21.5,22.0
-67,38,1,-33.5,-33.0,19.0,19.5
-67,39,1,-33.5,-33.0,19.5,20.0
-67,50,1,-33.5,-33.0,25.0,25.5
-64,53,1,-32.0,-31.5,26.5,27.0
-63,55,1,-31.5,-31.0,27.5,28.0
-63,57,1,-31.5,-31.0,28.5,29.0
-62,38,1,-31.0,-30.5,19.0,19.5
-62,54,1,-31.0,-30.5,27.0,27.5
-62,59,1,-31.0,-30.5,29.5,30.0
-62,60,1,-31.0,-30.5,30.0,30.5
-61,54,1,-30.5,-30.0,27.0,27.5
-60,56,1,-30.0,-29.5,28.0,28.5
-59,50,1,-29.5,-29.0,25.0,25.5
-58,43,1,-29.0,-28.5,21.5,22.0
-58,52,1,-29.0,-28.5,26.0,26.5
-58,56,1,-29.0,-28.5,28.0,28.5
-58,58,1,-29.0,-28.5,29.0,29.5
-58,61,1,-29.0,-28.5,30.5,31.0
-58,63,1,-29.0,-28.5,31.5,32.0
-57,34,1,-28.5,-28.0,17.0,17.5
-57,46,1,-28.5,-28.0,23.0,23.5
-57,47,1,-28.5,-28.0,23.5,24.0
-57,60,1,-28.5,-28.0,30.0,30.5
-57,64,1,-28.5,-28.0,32.0,32.5
-56,50,1,-28.0,-27.5,25.0,25.5
-56,51,1,-28.0,-27.5,25.5,26.0
-56,53,1,-28.0,-27.5,26.5,27.0
-56,57,1,-28.0,-27.5,28.5,29.0
-56,64,1,-28.0,-27.5,32.0,32.5
-55,62,1,-27.5,-27.0,31.0,31.5
-55,64,1,-27.5,-27.0,32.0,32.5
-54,52,1,-27.0,-26.5,26.0,26.5
-54,61,1,-27.0,-26.5,30.5,31.0
-54,64,1,-27.0,-26.5,32.0,32.5
-54,65,1,-27.0,-26.5,32.5,33.0
-53,50,1,-26.5,-26.0,25.0,25.5
-53,54,1,-26.5,-26.0,27.0,27.5
-53,58,1,-26.5,-26.0,29.0,29.5
-52,35,1,-26.0,-25.5,17.5,18.0
-52,51,1,-26.0,-25.5,25.5,26.0
-52,64,1,-26.0,-25.5,32.0,32.5
-52,65,1,-26.0,-25.5,32.5,33.0
-51,50,1,-25.5,-25.0,25.0,25.5
-51,55,1,-25.5,-25.0,27.5,28.0
-51,65,1,-25.5,-25.0,32.5,33.0
-50,61,1,-25.0,-24.5,30.5,31.0
-49,53,1,-24.5,-24.0,26.5,27.0
-49,67,1,-24.5,-24.0,33.5,34.0
-48,53,1,-24.0,-23.5,26.5,27.0
-48,62,1,-24.0,-23.5,31.0,31.5
-48,65,1,-24.0,-23.5,32.5,33.0
-48,90,1,-24.0,-23.5,45.0,45.5
-47,56,1,-23.5,-23.0,28.0,28.5
-47,87,1,-23.5,-23.0,43.5,44.0
-47,94,1,-23.5,-23.0,47.0,47.5
-46,29,1,-23.0,-22.5,14.5,15.0
-46,34,1,-23.0,-22.5,17.0,17.5
-46,90,1,-23.0,-22.5,45.0,45.5
-46,95,1,-23.0,-22.5,47.5,48.0
-45,31,1,-22.5,-22.0,15.5,16.0
-45,40,1,-22.5,-22.0,20.0,20.5
-45,54,1,-22.5,-22.0,27.0,27.5
-45,60,1,-22.5,-22.0,30.0,30.5
-45,62,1,-22.5,-22.0,31.0,31.5
-45,70,1,-22.5,-22.0,35.0,35.5
-45,87,1,-22.5,-22.0,43.5,44.0
-45,94,1,-22.5,-22.0,47.0,47.5
-44,33,1,-22.0,-21.5,16.5,17.0
-44,68,1,-22.0,-21.5,34.0,34.5
-44,94,1,-22.0,-21.5,47.0,47.5
-44,95,1,-22.0,-21.5,47.5,48.0
-44,96,1,-22.0,-21.5,48.0,48.5
-43,51,1,-21.5,-21.0,25.5,26.0
-43,63,1,-21.5,-21.0,31.5,32.0
-43,88,1,-21.5,-21.0,44.0,44.5
-43,95,1,-21.5,-21.0,47.5,48.0
-42,28,1,-21.0,-20.5,14.0,14.5
-42,34,1,-21.0,-20.5,17.0,17.5
-42,35,1,-21.0,-20.5,17.5,18.0
-42,56,1,-21.0,-20.5,28.0,28.5
-42,96,1,-21.0,-20.5,48.0,48.5
-42,97,1,-21.0,-20.5,48.5,49.0
-42,115,1,-21.0,-20.5,57.5,58.0
-41,46,1,-20.5,-20.0,23.0,23.5
-41,58,1,-20.5,-20.0,29.0,29.5
-41,94,1,-20.5,-20.0,47.0,47.5
-40,40,1,-20.0,-19.5,20.0,20.5
-40,46,1,-20.0,-19.5,23.0,23.5
-40,64,1,-20.0,-19.5,32.0,32.5
-40,115,1,-20.0,-19.5,57.5,58.0
-39,32,1,-19.5,-19.0,16.0,16.5
-39,35,1,-19.5,-19.0,17.5,18.0
-39,44,1,-19.5,-19.0,22.0,22.5
-39,60,1,-19.5,-19.0,30.0,30.5
-39,62,1,-19.5,-19.0,31.0,31.5
-39,63,1,-19.5,-19.0,31.5,32.0
-39,64,1,-19.5,-19.0,32.0,32.5
-39,66,1,-19.5,-19.0,33.0,33.5
-39,67,1,-19.5,-19.0,33.5,34.0
-39,95,1,-19.5,-19.0,47.5,48.0
-38,34,1,-19.0,-18.5,17.0,17.5
-38,35,1,-19.0,-18.5,17.5,18.0
-38,93,1,-19.0,-18.5,46.5,47.0
-38,94,1,-19.0,-18.5,47.0,47.5
-38,96,1,-19.0,-18.5,48.0,48.5
-37,32,1,-18.5,-18.0,16.0,16.5
-37,43,1,-18.5,-18.0,21.5,22.0
-37,57,1,-18.5,-18.0,28.5,29.0
-37,71,1,-18.5,-18.0,35.5,36.0
-37,88,1,-18.5,-18.0,44.0,44.5
-37,90,1,-18.5,-18.0,45.0,45.5
-36,40,1,-18.0,-17.5,20.0,20.5
-36,46,1,-18.0,-17.5,23.0,23.5
-36,49,1,-18.0,-17.5,24.5,25.0
-36,54,1,-18.0,-17.5,27.0,27.5
-36,61,1,-18.0,-17.5,30.5,31.0
-36,95,1,-18.0,-17.5,47.5,48.0
-36,98,1,-18.0,-17.5,49.0,49.5
-35,34,1,-17.5,-17.0,17.0,17.5
-35,52,1,-17.5,-17.0,26.0,26.5
-35,57,1,-17.5,-17.0,28.5,29.0
-35,61,1,-17.5,-17.0,30.5,31.0
-35,71,1,-17.5,-17.0,35.5,36.0
-35,76,1,-17.5,-17.0,38.0,38.5
-34,62,1,-17.0,-16.5,31.0,31.5
-34,68,1,-17.0,-16.5,34.0,34.5
-34,70,1,-17.0,-16.5,35.0,35.5
-34,72,1,-17.0,-16.5,36.0,36.5
-33,56,1,-16.5,-16.0,28.0,28.5
-33,63,1,-16.5,-16.0,31.5,32.0
-33,71,1,-16.5,-16.0,35.5,36.0
-33,74,1,-16.5,-16.0,37.0,37.5
-33,99,1,-16.5,-16.0,49.5,50.0
-32,26,1,-16.0,-15.5,13.0,13.5
-32,27,1,-16.0,-15.5,13.5,14.0
-32,44,1,-16.0,-15.5,22.0,22.5
-32,55,1,-16.0,-15.5,27.5,28.0
-32,69,1,-16.0,-15.5,34.5,35.0
-32,72,1,-16.0,-15.5,36.0,36.5
-32,75,1,-16.0,-15.5,37.5,38.0
-32,92,1,-16.0,-15.5,46.0,46.5
-31,47,1,-15.5,-15.0,23.5,24.0
-31,66,1,-15.5,-15.0,33.0,33.5
-31,73,1,-15.5,-15.0,36.5,37.0
-31,76,1,-15.5,-15.0,38.0,38.5
-31,81,1,-15.5,-15.0,40.5,41.0
-30,27,1,-15.0,-14.5,13.5,14.0
-30,29,1,-15.0,-14.5,14.5,15.0
-30,47,1,-15.0,-14.5,23.5,24.0
-30,49,1,-15.0,-14.5,24.5,25.0
-30,55,1,-15.0,-14.5,27.5,28.0
-30,67,1,-15.0,-14.5,33.5,34.0
-30,73,1,-15.0,-14.5,36.5,37.0
-30,79,1,-15.0,-14.5,39.5,40.0
-30,99,1,-15.0,-14.5,49.5,50.0
-29,46,1,-14.5,-14.0,23.0,23.5
-29,56,1,-14.5,-14.0,28.0,28.5
-29,58,1,-14.5,-14.0,29.0,29.5
-29,62,1,-14.5,-14.0,31.0,31.5
-29,67,1,-14.5,-14.0,33.5,34.0
-29,72,1,-14.5,-14.0,36.0,36.5
-29,100,1,-14.5,-14.0,50.0,50.5
-28,27,1,-14.0,-13.5,13.5,14.0
-28,45,1,-14.0,-13.5,22.5,23.0
-28,48,1,-14.0,-13.5,24.0,24.5
-28,70,1,-14.0,-13.5,35.0,35.5
-28,79,1,-14.0,-13.5,39.5,40.0
-28,97,1,-14.0,-13.5,48.5,49.0
-28,99,1,-14.0,-13.5,49.5,50.0
-27,29,1,-13.5,-13.0,14.5,15.0
-27,63,1,-13.5,-13.0,31.5,32.0
-27,68,1,-13.5,-13.0,34.0,34.5
-27,78,1,-13.5,-13.0,39.0,39.5
-27,97,1,-13.5,-13.0,48.5,49.0
-27,99,1,-13.5,-13.0,49.5,50.0
-26,32,1,-13.0,-12.5,16.0,16.5
-26,33,1,-13.0,-12.5,16.5,17.0
-26,57,1,-13.0,-12.5,28.5,29.0
-25,33,1,-12.5,-12.0,16.5,17.0
-25,53,1,-12.5,-12.0,26.5,27.0
-24,41,1,-12.0,-11.5,20.5,21.0
-24,62,1,-12.0,-11.5,31.0,31.5
-23,28,1,-11.5,-11.0,14.0,14.5
-23,40,1,-11.5,-11.0,20.0,20.5
-23,57,1,-11.5,-11.0,28.5,29.0
-23,58,1,-11.5,-11.0,29.0,29.5
-23,66,1,-11.5,-11.0,33.0,33.5
-22,44,1,-11.0,-10.5,22.0,22.5
-22,70,1,-11.0,-10.5,35.0,35.5
-21,57,1,-10.5,-10.0,28.5,29.0
-21,62,1,-10.5,-10.0,31.0,31.5
-21,77,1,-10.5,-10.0,38.5,39.0
-20,64,1,-10.0,-9.5,32.0,32.5
-20,75,1,-10.0,-9.5,37.5,38.0
-20,77,1,-10.0,-9.5,38.5,39.0
-19,26,1,-9.5,-9.0,13.0,13.5
-19,34,1,-9.5,-9.0,17.0,17.5
-19,56,1,-9.5,-9.0,28.0,28.5
-19,57,1,-9.5,-9.0,28.5,29.0
-19,59,1,-9.5,-9.0,29.5,30.0
-19,65,1,-9.5,-9.0,32.5,33.0
-19,69,1,-9.5,-9.0,34.5,35.0
-18,26,1,-9.0,-8.5,13.0,13.5
-18,30,1,-9.0,-8.5,15.0,15.5
-18,60,1,-9.0,-8.5,30.0,30.5
-16,63,1,-8.0,-7.5,31.5,32.0
-16,65,1,-8.0,-7.5,32.5,33.0
-14,62,1,-7.0,-6.5,31.0,31.5
-14,76,1,-7.0,-6.5,38.0,38.5
-14,77,1,-7.0,-6.5,38.5,39.0
-13,28,1,-6.5,-6.0,14.0,14.5
-13,29,1,-6.5,-6.0,14.5,15.0
-13,74,1,-6.5,-6.0,37.0,37.5
-13,77,1,-6.5,-6.0,38.5,39.0
-12,24,1,-6.0,-5.5,12.0,12.5
-12,65,1,-6.0,-5.5,32.5,33.0
-12,69,1,-6.0,-5.5,34.5,35.0
-12,78,1,-6.0,-5.5,39.0,39.5
-11,64,1,-5.5,-5.0,32.0,32.5
-11,72,1,-5.5,-5.0,36.0,36.5
-11,76,1,-5.5,-5.0,38.0,38.5
-10,25,1,-5.0,-4.5,12.5,13.0
-10,67,1,-5.0,-4.5,33.5,34.0
-10,71,1,-5.0,-4.5,35.5,36.0
-10,79,1,-5.0,-4.5,39.5,40.0
-10,110,1,-5.0,-4.5,55.0,55.5
-9,30,1,-4.5,-4.0,15.0,15.5
-9,65,1,-4.5,-4.0,32.5,33.0
-9,67,1,-4.5,-4.0,33.5,34.0
-9,70,1,-4.5,-4.0,35.0,35.5
-9,79,1,-4.5,-4.0,39.5,40.0
-8,65,1,-4.0,-3.5,32.5,33.0
-8,77,1,-4.0,-3.5,38.5,39.0
-8,78,1,-4.0,-3.5,39.0,39.5
-7,24,1,-3.5,-3.0,12.0,12.5
-7,28,1,-3.5,-3.0,14.0,14.5
-7,67,1,-3.5,-3.0,33.5,34.0
-7,68,1,-3.5,-3.0,34.0,34.5
-7,73,1,-3.5,-3.0,36.5,37.0
-7,75,1,-3.5,-3.0,37.5,38.0
-6,22,1,-3.0,-2.5,11.0,11.5
-6,61,1,-3.0,-2.5,30.5,31.0
-6,63,1,-3.0,-2.5,31.5,32.0
-6,66,1,-3.0,-2.5,33.0,33.5
-6,67,1,-3.0,-2.5,33.5,34.0
-6,73,1,-3.0,-2.5,36.5,37.0
-6,75,1,-3.0,-2.5,37.5,38.0
-5,29,1,-2.5,-2.0,14.5,15.0
-5,74,1,-2.5,-2.0,37.0,37.5
-4,27,1,-2.0,-1.5,13.5,14.0
-4,69,1,-2.0,-1.5,34.5,35.0
-4,70,1,-2.0,-1.5,35.0,35.5
-4,71,1,-2.0,-1.5,35.5,36.0
-4,74,1,-2.0,-1.5,37.0,37.5
-3,31,1,-1.5,-1.0,15.5,16.0
-3,73,1,-1.5,-1.0,36.5,37.0
-3,79,1,-1.5,-1.0,39.5,40.0
-2,25,1,-1.0,-0.5,12.5,13.0
-2,27,1,-1.0,-0.5,13.5,14.0
-2,34,1,-1.0,-0.5,17.0,17.5
-2,35,1,-1.0,-0.5,17.5,18.0
-2,61,1,-1.0,-0.5,30.5,31.0
-2,62,1,-1.0,-0.5,31.0,31.5
-2,75,1,-1.0,-0.5,37.5,38.0
-1,34,1,-0.5,0.0,17.0,17.5
-1,60,1,-0.5,0.0,30.0,30.5
-1,72,1,-0.5,0.0,36.0,36.5
0,20,1,0.0,0.5,10.0,10.5
0,59,1,0.0,0.5,29.5,30.0
0,60,1,0.0,0.5,30.0,30.5
0,61,1,0.0,0.5,30.5,31.0
0,64,1,0.0,0.5,32.0,32.5
0,65,1,0.0,0.5,32.5,33.0
0,66,1,0.0,0.5,33.0,33.5
0,69,1,0.0,0.5,34.5,35.0
0,71,1,0.0,0.5,35.5,36.0
0,77,1,0.0,0.5,38.5,39.0
1,27,1,0.5,1.0,13.5,14.0
1,59,1,0.5,1.0,29.5,30.0
1,60,1,0.5,1.0,30.0,30.5
1,61,1,0.5,1.0,30.5,31.0
1,62,1,0.5,1.0,31.0,31.5
2,65,1,1.0,1.5,32.5,33.0
3,22,1,1.5,2.0,11.0,11.5
3,64,1,1.5,2.0,32.0,32.5
3,66,1,1.5,2.0,33.0,33.5
3,67,1,1.5,2.0,33.5,34.0
3,75,1,1.5,2.0,37.5,38.0
3,79,1,1.5,2.0,39.5,40.0
4,65,1,2.0,2.5,32.5,33.0
4,67,1,2.0,2.5,33.5,34.0
4,75,1,2.0,2.5,37.5,38.0
5,69,1,2.5,3.0,34.5,35.0
6,22,1,3.0,3.5,11.0,11.5
6,66,1,3.0,3.5,33.0,33.5
7,68,1,3.5,4.0,34.0,34.5
7,80,1,3.5,4.0,40.0,40.5
8,80,1,4.0,4.5,40.0,40.5
9,12,1,4.5,5.0,6.0,6.5
9,15,1,4.5,5.0,7.5,8.0
9,21,1,4.5,5.0,10.5,11.0
9,26,1,4.5,5.0,13.0,13.5
10,-17,1,5.0,5.5,-8.5,-8.0
10,-13,1,5.0,5.5,-6.5,-6.0
10,-12,1,5.0,5.5,-6.0,-5.5
10,-7,1,5.0,5.5,-3.5,-3.0
10,12,1,5.0,5.5,6.0,6.5
10,19,1,5.0,5.5,9.5,10.0
10,74,1,5.0,5.5,37.0,37.5
10,86,1,5.0,5.5,43.0,43.5
11,-17,1,5.5,6.0,-8.5,-8.0
11,-15,1,5.5,6.0,-7.5,-7.0
11,-14,1,5.5,6.0,-7.0,-6.5
11,-9,1,5.5,6.0,-4.5,-4.0
11,-3,1,5.5,6.0,-1.5,-1.0
11,0,1,5.5,6.0,0.0,0.5
11,10,1,5.5,6.0,5.0,5.5
11,20,1,5.5,6.0,10.0,10.5
11,28,1,5.5,6.0,14.0,14.5
12,-22,1,6.0,6.5,-11.0,-10.5
12,-20,1,6.0,6.5,-10.0,-9.5
12,-13,1,6.0,6.5,-6.5,-6.0
12,-10,1,6.0,6.5,-5.0,-4.5
12,-3,1,6.0,6.5,-1.5,-1.0
12,-2,1,6.0,6.5,-1.0,-0.5
12,-1,1,6.0,6.5,-0.5,0.0
12,9,1,6.0,6.5,4.5,5.0
12,12,1,6.0,6.5,6.0,6.5
12,17,1,6.0,6.5,8.5,9.0
12,78,1,6.0,6.5,39.0,39.5
13,-12,1,6.5,7.0,-6.0,-5.5
13,-6,1,6.5,7.0,-3.0,-2.5
13,-4,1,6.5,7.0,-2.0,-1.5
13,1,1,6.5,7.0,0.5,1.0
13,2,1,6.5,7.0,1.0,1.5
13,6,1,6.5,7.0,3.0,3.5
13,11,1,6.5,7.0,5.5,6.0
13,12,1,6.5,7.0,6.0,6.5
13,21,1,6.5,7.0,10.5,11.0
13,74,1,6.5,7.0,37.0,37.5
13,75,1,6.5,7.0,37.5,38.0
13,76,1,6.5,7.0,38.0,38.5
14,-25,1,7.0,7.5,-12.5,-12.0
14,-15,1,7.0,7.5,-7.5,-7.0
14,1,1,7.0,7.5,0.5,1.0
14,3,1,7.0,7.5,1.5,2.0
14,6,1,7.0,7.5,3.0,3.5
14,8,1,7.0,7.5,4.0,4.5
14,9,1,7.0,7.5,4.5,5.0
14,15,1,7.0,7.5,7.5,8.0
14,17,1,7.0,7.5,8.5,9.0
14,25,1,7.0,7.5,12.5,13.0
14,77,1,7.0,7.5,38.5,39.0
14,89,1,7.0,7.5,44.5,45.0
15,-17,1,7.5,8.0,-8.5,-8.0
15,0,1,7.5,8.0,0.0,0.5
15,6,1,7.5,8.0,3.0,3.5
15,17,1,7.5,8.0,8.5,9.0
15,72,1,7.5,8.0,36.0,36.5
15,74,1,7.5,8.0,37.0,37.5
15,78,1,7.5,8.0,39.0,39.5
15,79,1,7.5,8.0,39.5,40.0
15,84,1,7.5,8.0,42.0,42.5
16,-20,1,8.0,8.5,-10.0,-9.5
16,-18,1,8.0,8.5,-9.0,-8.5
16,-15,1,8.0,8.5,-7.5,-7.0
16,-7,1,8.0,8.5,-3.5,-3.0
16,1,1,8.0,8.5,0.5,1.0
16,9,1,8.0,8.5,4.5,5.0
16,11,1,8.0,8.5,5.5,6.0
16,13,1,8.0,8.5,6.5,7.0
16,17,1,8.0,8.5,8.5,9.0
16,18,1,8.0,8.5,9.0,9.5
16,75,1,8.0,8.5,37.5,38.0
16,87,1,8.0,8.5,43.5,44.0
17,-26,1,8.5,9.0,-13.0,-12.5
17,-23,1,8.5,9.0,-11.5,-11.0
17,-19,1,8.5,9.0,-9.5,-9.0
17,1,1,8.5,9.0,0.5,1.0
17,28,1,8.5,9.0,14.0,14.5
17,72,1,8.5,9.0,36.0,36.5
17,75,1,8.5,9.0,37.5,38.0
17,82,1,8.5,9.0,41.0,41.5
17,87,1,8.5,9.0,43.5,44.0
18,-27,1,9.0,9.5,-13.5,-13.0
18,-17,1,9.0,9.5,-8.5,-8.0
18,-16,1,9.0,9.5,-8.0,-7.5
18,-10,1,9.0,9.5,-5.0,-4.5
18,5,1,9.0,9.5,2.5,3.0
18,74,1,9.0,9.5,37.0,37.5
18,78,1,9.0,9.5,39.0,39.5
18,84,1,9.0,9.5,42.0,42.5
18,85,1,9.0,9.5,42.5,43.0
19,-24,1,9.5,10.0,-12.0,-11.5
19,-13,1,9.5,10.0,-6.5,-6.0
19,-8,1,9.5,10.0,-4.0,-3.5
19,0,1,9.5,10.0,0.0,0.5
19,2,1,9.5,10.0,1.0,1.5
19,16,1,9.5,10.0,8.0,8.5
19,85,1,9.5,10.0,42.5,43.0
20,-29,1,10.0,10.5,-14.5,-14.0
20,-28,1,10.0,10.5,-14.0,-13.5
20,-25,1,10.0,10.5,-12.5,-12.0
20,-24,1,10.0,10.5,-12.0,-11.5
20,-13,1,10.0,10.5,-6.5,-6.0
20,-2,1,10.0,10.5,-1.0,-0.5
20,26,1,10.0,10.5,13.0,13.5
20,30,1,10.0,10.5,15.0,15.5
20,74,1,10.0,10.5,37.0,37.5
20,75,1,10.0,10.5,37.5,38.0
20,77,1,10.0,10.5,38.5,39.0
21,-30,1,10.5,11.0,-15.0,-14.5
21,-29,1,10.5,11.0,-14.5,-14.0
21,-28,1,10.5,11.0,-14.0,-13.5
21,-26,1,10.5,11.0,-13.0,-12.5
21,-25,1,10.5,11.0,-12.5,-12.0
21,-19,1,10.5,11.0,-9.5,-9.0
21,-17,1,10.5,11.0,-8.5,-8.0
21,0,1,10.5,11.0,0.0,0.5
21,14,1,10.5,11.0,7.0,7.5
21,16,1,10.5,11.0,8.0,8.5
21,26,1,10.5,11.0,13.0,13.5
21,29,1,10.5,11.0,14.5,15.0
21,76,1,10.5,11.0,38.0,38.5
22,-27,1,11.0,11.5,-13.5,-13.0
22,-25,1,11.0,11.5,-12.5,-12.0
22,-20,1,11.0,11.5,-10.0,-9.5
22,-14,1,11.0,11.5,-7.0,-6.5
22,-12,1,11.0,11.5,-6.0,-5.5
22,-3,1,11.0,11.5,-1.5,-1.0
22,6,1,11.0,11.5,3.0,3.5
22,14,1,11.0,11.5,7.0,7.5
22,17,1,11.0,11.5,8.5,9.0
22,51,1,11.0,11.5,25.5,26.0
22,52,1,11.0,11.5,26.0,26.5
22,79,1,11.0,11.5,39.5,40.0
23,-27,1,11.5,12.0,-13.5,-13.0
23,-22,1,11.5,12.0,-11.0,-10.5
23,-14,1,11.5,12.0,-7.0,-6.5
23,-6,1,11.5,12.0,-3.0,-2.5
23,-5,1,11.5,12.0,-2.5,-2.0
23,4,1,11.5,12.0,2.0,2.5
23,7,1,11.5,12.0,3.5,4.0
23,10,1,11.5,12.0,5.0,5.5
23,13,1,11.5,12.0,6.5,7.0
23,14,1,11.5,12.0,7.0,7.5
23,17,1,11.5,12.0,8.5,9.0
23,18,1,11.5,12.0,9.0,9.5
23,73,1,11.5,12.0,36.5,37.0
24,-3,1,12.0,12.5,-1.5,-1.0
24,-2,1,12.0,12.5,-1.0,-0.5
24,12,1,12.0,12.5,6.0,6.5
24,49,1,12.0,12.5,24.5,25.0
24,65,1,12.0,12.5,32.5,33.0
24,69,1,12.0,12.5,34.5,35.0
24,75,1,12.0,12.5,37.5,38.0
25,-30,1,12.5,13.0,-15.0,-14.5
25,-29,1,12.5,13.0,-14.5,-14.0
25,-28,1,12.5,13.0,-14.0,-13.5
25,-26,1,12.5,13.0,-13.0,-12.5
25,-17,1,12.5,13.0,-8.5,-8.0
25,-14,1,12.5,13.0,-7.0,-6.5
25,-11,1,12.5,13.0,-5.5,-5.0
25,-8,1,12.5,13.0,-4.0,-3.5
25,-3,1,12.5,13.0,-1.5,-1.0
25,-2,1,12.5,13.0,-1.0,-0.5
25,5,1,12.5,13.0,2.5,3.0
25,7,1,12.5,13.0,3.5,4.0
25,11,1,12.5,13.0,5.5,6.0
25,13,1,12.5,13.0,6.5,7.0
25,15,1,12.5,13.0,7.5,8.0
25,18,1,12.5,13.0,9.0,9.5
25,21,1,12.5,13.0,10.5,11.0
25,47,1,12.5,13.0,23.5,24.0
25,56,1,12.5,13.0,28.0,28.5
25,59,1,12.5,13.0,29.5,30.0
26,-33,1,13.0,13.5,-16.5,-16.0
26,-28,1,13.0,13.5,-14.0,-13.5
26,-12,1,13.0,13.5,-6.0,-5.5
26,-8,1,13.0,13.5,-4.0,-3.5
26,-5,1,13.0,13.5,-2.5,-2.0
26,13,1,13.0,13.5,6.5,7.0
26,17,1,13.0,13.5,8.5,9.0
26,44,1,13.0,13.5,22.0,22.5
26,60,1,13.0,13.5,30.0,30.5
26,61,1,13.0,13.5,30.5,31.0
26,66,1,13.0,13.5,33.0,33.5
26,72,1,13.0,13.5,36.0,36.5
27,-9,1,13.5,14.0,-4.5,-4.0
27,-7,1,13.5,14.0,-3.5,-3.0
27,-5,1,13.5,14.0,-2.5,-2.0
27,0,1,13.5,14.0,0.0,0.5
27,3,1,13.5,14.0,1.5,2.0
27,4,1,13.5,14.0,2.0,2.5
27,9,1,13.5,14.0,4.5,5.0
27,18,1,13.5,14.0,9.0,9.5
27,23,1,13.5,14.0,11.5,12.0
27,66,1,13.5,14.0,33.0,33.5
27,77,1,13.5,14.0,38.5,39.0
28,-9,1,14.0,14.5,-4.5,-4.0
28,-7,1,14.0,14.5,-3.5,-3.0
28,1,1,14.0,14.5,0.5,1.0
28,4,1,14.0,14.5,2.0,2.5
28,6,1,14.0,14.5,3.0,3.5
28,14,1,14.0,14.5,7.0,7.5
28,15,1,14.0,14.5,7.5,8.0
28,17,1,14.0,14.5,8.5,9.0
28,64,1,14.0,14.5,32.0,32.5
28,66,1,14.0,14.5,33.0,33.5
28,71,1,14.0,14.5,35.5,36.0
28,77,1,14.0,14.5,38.5,39.0
28,78,1,14.0,14.5,39.0,39.5
29,-35,1,14.5,15.0,-17.5,-17.0
29,-34,1,14.5,15.0,-17.0,-16.5
29,-33,1,14.5,15.0,-16.5,-16.0
29,-31,1,14.5,15.0,-15.5,-15.0
29,-24,1,14.5,15.0,-12.0,-11.5
29,-8,1,14.5,15.0,-4.0,-3.5
29,20,1,14.5,15.0,10.0,10.5
30,-33,1,15.0,15.5,-16.5,-16.0
30,-18,1,15.0,15.5,-9.0,-8.5
30,17,1,15.0,15.5,8.5,9.0
30,65,1,15.0,15.5,32.5,33.0
30,72,1,15.0,15.5,36.0,36.5
31,-33,1,15.5,16.0,-16.5,-16.0
31,-17,1,15.5,16.0,-8.5,-8.0
31,1,1,15.5,16.0,0.5,1.0
32,-33,1,16.0,16.5,-16.5,-16.0
32,-28,1,16.0,16.5,-14.0,-13.5
32,-25,1,16.0,16.5,-12.5,-12.0
32,-21,1,16.0,16.5,-10.5,-10.0
32,-14,1,16.0,16.5,-7.0,-6.5
32,-8,1,16.0,16.5,-4.0,-3.5
32,-7,1,16.0,16.5,-3.5,-3.0
33,-51,1,16.5,17.0,-25.5,-25.0
33,-31,1,16.5,17.0,-15.5,-15.0
33,-30,1,16.5,17.0,-15.0,-14.5
33,-27,1,16.5,17.0,-13.5,-13.0
33,-24,1,16.5,17.0,-12.0,-11.5
33,-20,1,16.5,17.0,-10.0,-9.5
33,-15,1,16.5,17.0,-7.5,-7.0
33,16,1,16.5,17.0,8.0,8.5
34,-51,1,17.0,17.5,-25.5,-25.0
34,-30,1,17.0,17.5,-15.0,-14.5
34,-25,1,17.0,17.5,-12.5,-12.0
35,-30,1,17.5,18.0,-15.0,-14.5
35,62,1,17.5,18.0,31.0,31.5
35,67,1,17.5,18.0,33.5,34.0
36,61,1,18.0,18.5,30.5,31.0
38,-31,1,19.0,19.5,-15.5,-15.0
39,-29,1,19.5,20.0,-14.5,-14.0
39,74,1,19.5,20.0,37.0,37.5
41,-27,1,20.5,21.0,-13.5,-13.0
45,-25,1,22.5,23.0,-12.5,-12.0
59,-20,1,29.5,30.0,-10.0,-9.5
60,-19,1,30.0,30.5,-9.5,-9.0
60,-18,1,30.0,30.5,-9.0,-8.5
60,-17,1,30.0,30.5,-8.5,-8.0
62,-18,1,31.0,31.5,-9.0,-8.5
62,-16,1,31.0,31.5,-8.0,-7.5
63,-11,1,31.5,32.0,-5.5,-5.0
64,-17,1,32.0,32.5,-8.5,-8.0
66,-11,1,33.0,33.5,-5.5,-5.0
66,20,1,33.0,33.5,10.0,10.5
66,22,1,33.0,33.5,11.0,11.5
67,15,1,33.5,34.0,7.5,8.0
67,22,1,33.5,34.0,11.0,11.5
68,-8,1,34.0,34.5,-4.0,-3.5
68,-5,1,34.0,34.5,-2.5,-2.0
68,16,1,34.0,34.5,8.0,8.5
69,-13,1,34.5,35.0,-6.5,-6.0
69,-12,1,34.5,35.0,-6.0,-5.5
69,-11,1,34.5,35.0,-5.5,-5.0
70,-12,1,35.0,35.5,-6.0,-5.5
70,-6,1,35.0,35.5,-3.0,-2.5
70,19,1,35.0,35.5,9.5,10.0
70,21,1,35.0,35.5,10.5,11.0
71,-12,1,35.5,36.0,-6.0,-5.5
71,-11,1,35.5,36.0,-5.5,-5.0
72,19,1,36.0,36.5,9.5,10.0
73,17,1,36.5,37.0,8.5,9.0
73,18,1,36.5,37.0,9.0,9.5
74,19,1,37.0,37.5,9.5,10.0
74,20,1,37.0,37.5,10.0,10.5
-68,47,2,-34.0,-33.5,23.5,24.0
-67,43,2,-33.5,-33.0,21.5,22.0
-66,51,2,-33.0,-32.5,25.5,26.0
-65,54,2,-32.5,-32.0,27.0,27.5
-65,55,2,-32.5,-32.0,27.5,28.0
-64,49,2,-32.0,-31.5,24.5,25.0
-64,50,2,-32.0,-31.5,25.0,25.5
-64,54,2,-32.0,-31.5,27.0,27.5
-63,49,2,-31.5,-31.0,24.5,25.0
-62,48,2,-31.0,-30.5,24.0,24.5
-62,53,2,-31.0,-30.5,26.5,27.0
-62,57,2,-31.0,-30.5,28.5,29.0
-62,58,2,-31.0,-30.5,29.0,29.5
-60,34,2,-30.0,-29.5,17.0,17.5
-60,54,2,-30.0,-29.5,27.0,27.5
-60,62,2,-30.0,-29.5,31.0,31.5
-59,38,2,-29.5,-29.0,19.0,19.5
-59,47,2,-29.5,-29.0,23.5,24.0
-59,57,2,-29.5,-29.0,28.5,29.0
-59,61,2,-29.5,-29.0,30.5,31.0
-58,57,2,-29.0,-28.5,28.5,29.0
-57,39,2,-28.5,-28.0,19.5,20.0
-57,54,2,-28.5,-28.0,27.0,27.5
-57,56,2,-28.5,-28.0,28.0,28.5
-57,63,2,-28.5,-28.0,31.5,32.0
-56,46,2,-28.0,-27.5,23.0,23.5
-56,49,2,-28.0,-27.5,24.5,25.0
-55,50,2,-27.5,-27.0,25.0,25.5
-55,52,2,-27.5,-27.0,26.0,26.5
-55,60,2,-27.5,-27.0,30.0,30.5
-54,51,2,-27.0,-26.5,25.5,26.0
-54,55,2,-27.0,-26.5,27.5,28.0
-54,59,2,-27.0,-26.5,29.5,30.0
-54,60,2,-27.0,-26.5,30.0,30.5
-54,63,2,-27.0,-26.5,31.5,32.0
-53,47,2,-26.5,-26.0,23.5,24.0
-52,49,2,-26.0,-25.5,24.5,25.0
-52,58,2,-26.0,-25.5,29.0,29.5
-52,60,2,-26.0,-25.5,30.0,30.5
-52,62,2,-26.0,-25.5,31.0,31.5
-51,49,2,-25.5,-25.0,24.5,25.0
-51,66,2,-25.5,-25.0,33.0,33.5
-51,92,2,-25.5,-25.0,46.0,46.5
-50,52,2,-25.0,-24.5,26.0,26.5
-50,58,2,-25.0,-24.5,29.0,29.5
-50,65,2,-25.0,-24.5,32.5,33.0
-50,91,2,-25.0,-24.5,45.5,46.0
-49,49,2,-24.5,-24.0,24.5,25.0
-49,58,2,-24.5,-24.0,29.0,29.5
-49,90,2,-24.5,-24.0,45.0,45.5
-48,33,2,-24.0,-23.5,16.5,17.0
-48,36,2,-24.0,-23.5,18.0,18.5
-48,48,2,-24.0,-23.5,24.0,24.5
-48,51,2,-24.0,-23.5,25.5,26.0
-48,61,2,-24.0,-23.5,30.5,31.0
-48,70,2,-24.0,-23.5,35.0,35.5
-48,91,2,-24.0,-23.5,45.5,46.0
-47,34,2,-23.5,-23.0,17.0,17.5
-47,40,2,-23.5,-23.0,20.0,20.5
-47,52,2,-23.5,-23.0,26.0,26.5
-47,53,2,-23.5,-23.0,26.5,27.0
-47,55,2,-23.5,-23.0,27.5,28.0
-47,59,2,-23.5,-23.0,29.5,30.0
-47,60,2,-23.5,-23.0,30.0,30.5
-47,68,2,-23.5,-23.0,34.0,34.5
-47,70,2,-23.5,-23.0,35.0,35.5
-46,28,2,-23.0,-22.5,14.0,14.5
-46,39,2,-23.0,-22.5,19.5,20.0
-46,68,2,-23.0,-22.5,34.0,34.5
-46,89,2,-23.0,-22.5,44.5,45.0
-45,36,2,-22.5,-22.0,18.0,18.5
-44,56,2,-22.0,-21.5,28.0,28.5
-43,37,2,-21.5,-21.0,18.5,19.0
-43,48,2,-21.5,-21.0,24.0,24.5
-43,49,2,-21.5,-21.0,24.5,25.0
-43,55,2,-21.5,-21.0,27.5,28.0
-43,56,2,-21.5,-21.0,28.0,28.5
-43,64,2,-21.5,-21.0,32.0,32.5
-43,69,2,-21.5,-21.0,34.5,35.0
-43,89,2,-21.5,-21.0,44.5,45.0
-43,94,2,-21.5,-21.0,47.0,47.5
-42,40,2,-21.0,-20.5,20.0,20.5
-42,52,2,-21.0,-20.5,26.0,26.5
-42,53,2,-21.0,-20.5,26.5,27.0
-42,55,2,-21.0,-20.5,27.5,28.0
-42,60,2,-21.0,-20.5,30.0,30.5
-42,94,2,-21.0,-20.5,47.0,47.5
-41,30,2,-20.5,-20.0,15.0,15.5
-41,50,2,-20.5,-20.0,25.0,25.5
-41,57,2,-20.5,-20.0,28.5,29.0
-41,62,2,-20.5,-20.0,31.0,31.5
-41,63,2,-20.5,-20.0,31.5,32.0
-41,65,2,-20.5,-20.0,32.5,33.0
-41,68,2,-20.5,-20.0,34.0,34.5
-41,89,2,-20.5,-20.0,44.5,45.0
-40,33,2,-20.0,-19.5,16.5,17.0
-40,35,2,-20.0,-19.5,17.5,18.0
-40,36,2,-20.0,-19.5,18.0,18.5
-40,56,2,-20.0,-19.5,28.0,28.5
-40,68,2,-20.0,-19.5,34.0,34.5
-40,89,2,-20.0,-19.5,44.5,45.0
-40,91,2,-20.0,-19.5,45.5,46.0
-40,93,2,-20.0,-19.5,46.5,47.0
-40,97,2,-20.0,-19.5,48.5,49.0
-39,27,2,-19.5,-19.0,13.5,14.0
-39,58,2,-19.5,-19.0,29.0,29.5
-39,61,2,-19.5,-19.0,30.5,31.0
-39,97,2,-19.5,-19.0,48.5,49.0
-38,61,2,-19.0,-18.5,30.5,31.0
-38,62,2,-19.0,-18.5,31.0,31.5
-38,95,2,-19.0,-18.5,47.5,48.0
-37,31,2,-18.5,-18.0,15.5,16.0
-37,33,2,-18.5,-18.0,16.5,17.0
-37,40,2,-18.5,-18.0,20.0,20.5
-37,55,2,-18.5,-18.0,27.5,28.0
-37,63,2,-18.5,-18.0,31.5,32.0
-37,64,2,-18.5,-18.0,32.0,32.5
-37,66,2,-18.5,-18.0,33.0,33.5
-37,95,2,-18.5,-18.0,47.5,48.0
-37,98,2,-18.5,-18.0,49.0,49.5
-36,26,2,-18.0,-17.5,13.0,13.5
-36,29,2,-18.0,-17.5,14.5,15.0
-36,32,2,-18.0,-17.5,16.0,16.5
-36,48,2,-18.0,-17.5,24.0,24.5
-36,51,2,-18.0,-17.5,25.5,26.0
-36,59,2,-18.0,-17.5,29.5,30.0
-36,60,2,-18.0,-17.5,30.0,30.5
-36,62,2,-18.0,-17.5,31.0,31.5
-36,65,2,-18.0,-17.5,32.5,33.0
-36,94,2,-18.0,-17.5,47.0,47.5
-35,28,2,-17.5,-17.0,14.0,14.5
-35,51,2,-17.5,-17.0,25.5,26.0
-35,56,2,-17.5,-17.0,28.0,28.5
-35,64,2,-17.5,-17.0,32.0,32.5
-35,65,2,-17.5,-17.0,32.5,33.0
-35,75,2,-17.5,-17.0,37.5,38.0
-35,93,2,-17.5,-17.0,46.5,47.0
-35,97,2,-17.5,-17.0,48.5,49.0
-35,98,2,-17.5,-17.0,49.0,49.5
-34,48,2,-17.0,-16.5,24.0,24.5
-34,58,2,-17.0,-16.5,29.0,29.5
-34,64,2,-17.0,-16.5,32.0,32.5
-34,79,2,-17.0,-16.5,39.5,40.0
-34,94,2,-17.0,-16.5,47.0,47.5
-34,99,2,-17.0,-16.5,49.5,50.0
-33,31,2,-16.5,-16.0,15.5,16.0
-33,46,2,-16.5,-16.0,23.0,23.5
-33,55,2,-16.5,-16.0,27.5,28.0
-33,57,2,-16.5,-16.0,28.5,29.0
-33,66,2,-16.5,-16.0,33.0,33.5
-33,67,2,-16.5,-16.0,33.5,34.0
-33,69,2,-16.5,-16.0,34.5,35.0
-32,56,2,-16.0,-15.5,28.0,28.5
-32,57,2,-16.0,-15.5,28.5,29.0
-32,66,2,-16.0,-15.5,33.0,33.5
-32,98,2,-16.0,-15.5,49.0,49.5
-31,38,2,-15.5,-15.0,19.0,19.5
-31,53,2,-15.5,-15.0,26.5,27.0
-31,60,2,-15.5,-15.0,30.0,30.5
-31,69,2,-15.5,-15.0,34.5,35.0
-31,74,2,-15.5,-15.0,37.0,37.5
-31,95,2,-15.5,-15.0,47.5,48.0
-31,99,2,-15.5,-15.0,49.5,50.0
-30,30,2,-15.0,-14.5,15.0,15.5
-30,56,2,-15.0,-14.5,28.0,28.5
-30,57,2,-15.0,-14.5,28.5,29.0
-30,69,2,-15.0,-14.5,34.5,35.0
-30,70,2,-15.0,-14.5,35.0,35.5
-30,74,2,-15.0,-14.5,37.0,37.5
-30,81,2,-15.0,-14.5,40.5,41.0
-29,27,2,-14.5,-14.0,13.5,14.0
-29,28,2,-14.5,-14.0,14.0,14.5
-29,47,2,-14.5,-14.0,23.5,24.0
-29,57,2,-14.5,-14.0,28.5,29.0
-29,69,2,-14.5,-14.0,34.5,35.0
-29,81,2,-14.5,-14.0,40.5,41.0
-29,97,2,-14.5,-14.0,48.5,49.0
-29,98,2,-14.5,-14.0,49.0,49.5
-28,32,2,-14.0,-13.5,16.0,16.5
-28,56,2,-14.0,-13.5,28.0,28.5
-28,64,2,-14.0,-13.5,32.0,32.5
-28,96,2,-14.0,-13.5,48.0,48.5
-27,28,2,-13.5,-13.0,14.0,14.5
-27,45,2,-13.5,-13.0,22.5,23.0
-27,55,2,-13.5,-13.0,27.5,28.0
-27,61,2,-13.5,-13.0,30.5,31.0
-27,67,2,-13.5,-13.0,33.5,34.0
-27,70,2,-13.5,-13.0,35.0,35.5
-27,81,2,-13.5,-13.0,40.5,41.0
-27,98,2,-13.5,-13.0,49.0,49.5
-26,30,2,-13.0,-12.5,15.0,15.5
-26,55,2,-13.0,-12.5,27.5,28.0
-26,56,2,-13.0,-12.5,28.0,28.5
-26,60,2,-13.0,-12.5,30.0,30.5
-26,67,2,-13.0,-12.5,33.5,34.0
-25,28,2,-12.5,-12.0,14.0,14.5
-25,58,2,-12.5,-12.0,29.0,29.5
-25,68,2,-12.5,-12.0,34.0,34.5
-24,31,2,-12.0,-11.5,15.5,16.0
-24,67,2,-12.0,-11.5,33.5,34.0
-23,67,2,-11.5,-11.0,33.5,34.0
-23,79,2,-11.5,-11.0,39.5,40.0
-22,27,2,-11.0,-10.5,13.5,14.0
-22,28,2,-11.0,-10.5,14.0,14.5
-22,43,2,-11.0,-10.5,21.5,22.0
-22,77,2,-11.0,-10.5,38.5,39.0
-22,79,2,-11.0,-10.5,39.5,40.0
-21,39,2,-10.5,-10.0,19.5,20.0
-21,61,2,-10.5,-10.0,30.5,31.0
-21,67,2,-10.5,-10.0,33.5,34.0
-21,68,2,-10.5,-10.0,34.0,34.5
-21,70,2,-10.5,-10.0,35.0,35.5
-21,72,2,-10.5,-10.0,36.0,36.5
-20,65,2,-10.0,-9.5,32.5,33.0
-19,60,2,-9.5,-9.0,30.0,30.5
-19,64,2,-9.5,-9.0,32.0,32.5
-19,77,2,-9.5,-9.0,38.5,39.0
-18,29,2,-9.0,-8.5,14.5,15.0
-18,36,2,-9.0,-8.5,18.0,18.5
-18,37,2,-9.0,-8.5,18.5,19.0
-18,62,2,-9.0,-8.5,31.0,31.5
-18,63,2,-9.0,-8.5,31.5,32.0
-17,59,2,-8.5,-8.0,29.5,30.0
-17,61,2,-8.5,-8.0,30.5,31.0
-17,65,2,-8.5,-8.0,32.5,33.0
-17,71,2,-8.5,-8.0,35.5,36.0
-16,71,2,-8.0,-7.5,35.5,36.0
-16,72,2,-8.0,-7.5,36.0,36.5
-16,79,2,-8.0,-7.5,39.5,40.0
-15,61,2,-7.5,-7.0,30.5,31.0
-15,62,2,-7.5,-7.0,31.0,31.5
-15,78,2,-7.5,-7.0,39.0,39.5
-14,78,2,-7.0,-6.5,39.0,39.5
-13,32,2,-6.5,-6.0,16.0,16.5
-13,70,2,-6.5,-6.0,35.0,35.5
-13,71,2,-6.5,-6.0,35.5,36.0
-13,78,2,-6.5,-6.0,39.0,39.5
-11,24,2,-5.5,-5.0,12.0,12.5
-11,62,2,-5.5,-5.0,31.0,31.5
-11,67,2,-5.5,-5.0,33.5,34.0
-11,69,2,-5.5,-5.0,34.5,35.0
-11,73,2,-5.5,-5.0,36.5,37.0
-11,75,2,-5.5,-5.0,37.5,38.0
-10,59,2,-5.0,-4.5,29.5,30.0
-10,64,2,-5.0,-4.5,32.0,32.5
-10,69,2,-5.0,-4.5,34.5,35.0
-9,27,2,-4.5,-4.0,13.5,14.0
-9,68,2,-4.5,-4.0,34.0,34.5
-9,69,2,-4.5,-4.0,34.5,35.0
-9,73,2,-4.5,-4.0,36.5,37.0
-9,74,2,-4.5,-4.0,37.0,37.5
-9,76,2,-4.5,-4.0,38.0,38.5
-8,30,2,-4.0,-3.5,15.0,15.5
-8,72,2,-4.0,-3.5,36.0,36.5
-8,79,2,-4.0,-3.5,39.5,40.0
-7,21,2,-3.5,-3.0,10.5,11.0
-7,22,2,-3.5,-3.0,11.0,11.5
-7,25,2,-3.5,-3.0,12.5,13.0
-7,61,2,-3.5,-3.0,30.5,31.0
-7,63,2,-3.5,-3.0,31.5,32.0
-7,64,2,-3.5,-3.0,32.0,32.5
-7,66,2,-3.5,-3.0,33.0,33.5
-7,78,2,-3.5,-3.0,39.0,39.5
-7,79,2,-3.5,-3.0,39.5,40.0
-6,62,2,-3.0,-2.5,31.0,31.5
-6,65,2,-3.0,-2.5,32.5,33.0
-6,68,2,-3.0,-2.5,34.0,34.5
-5,30,2,-2.5,-2.0,15.0,15.5
-5,64,2,-2.5,-2.0,32.0,32.5
-5,81,2,-2.5,-2.0,40.5,41.0
-4,63,2,-2.0,-1.5,31.5,32.0
-4,67,2,-2.0,-1.5,33.5,34.0
-4,78,2,-2.0,-1.5,39.0,39.5
-3,25,2,-1.5,-1.0,12.5,13.0
-3,27,2,-1.5,-1.0,13.5,14.0
-3,60,2,-1.5,-1.0,30.0,30.5
-3,70,2,-1.5,-1.0,35.0,35.5
-2,59,2,-1.0,-0.5,29.5,30.0
-2,69,2,-1.0,-0.5,34.5,35.0
-2,70,2,-1.0,-0.5,35.0,35.5
-2,71,2,-1.0,-0.5,35.5,36.0
-2,72,2,-1.0,-0.5,36.0,36.5
-2,76,2,-1.0,-0.5,38.0,38.5
-1,21,2,-0.5,0.0,10.5,11.0
-1,63,2,-0.5,0.0,31.5,32.0
-1,70,2,-0.5,0.0,35.0,35.5
-1,71,2,-0.5,0.0,35.5,36.0
-1,75,2,-0.5,0.0,37.5,38.0
1,64,2,0.5,1.0,32.0,32.5
1,66,2,0.5,1.0,33.0,33.5
1,69,2,0.5,1.0,34.5,35.0
1,71,2,0.5,1.0,35.5,36.0
1,74,2,0.5,1.0,37.0,37.5
2,61,2,1.0,1.5,30.5,31.0
2,62,2,1.0,1.5,31.0,31.5
2,67,2,1.0,1.5,33.5,34.0
2,69,2,1.0,1.5,34.5,35.0
2,79,2,1.0,1.5,39.5,40.0
3,14,2,1.5,2.0,7.0,7.5
3,63,2,1.5,2.0,31.5,32.0
3,65,2,1.5,2.0,32.5,33.0
4,36,2,2.0,2.5,18.0,18.5
4,64,2,2.0,2.5,32.0,32.5
4,79,2,2.0,2.5,39.5,40.0
5,36,2,2.5,3.0,18.0,18.5
5,66,2,2.5,3.0,33.0,33.5
6,62,2,3.0,3.5,31.0,31.5
6,71,2,3.0,3.5,35.5,36.0
7,19,2,3.5,4.0,9.5,10.0
7,22,2,3.5,4.0,11.0,11.5
7,25,2,3.5,4.0,12.5,13.0
7,62,2,3.5,4.0,31.0,31.5
7,67,2,3.5,4.0,33.5,34.0
8,23,2,4.0,4.5,11.5,12.0
8,71,2,4.0,4.5,35.5,36.0
9,-19,2,4.5,5.0,-9.5,-9.0
9,-18,2,4.5,5.0,-9.0,-8.5
9,-5,2,4.5,5.0,-2.5,-2.0
9,16,2,4.5,5.0,8.0,8.5
9,20,2,4.5,5.0,10.0,10.5
9,27,2,4.5,5.0,13.5,14.0
9,73,2,4.5,5.0,36.5,37.0
10,-11,2,5.0,5.5,-5.5,-5.0
10,-4,2,5.0,5.5,-2.0,-1.5
10,11,2,5.0,5.5,5.5,6.0
10,14,2,5.0,5.5,7.0,7.5
10,73,2,5.0,5.5,36.5,37.0
11,-20,2,5.5,6.0,-10.0,-9.5
11,-12,2,5.5,6.0,-6.0,-5.5
11,-6,2,5.5,6.0,-3.0,-2.5
11,1,2,5.5,6.0,0.5,1.0
11,11,2,5.5,6.0,5.5,6.0
11,12,2,5.5,6.0,6.0,6.5
11,13,2,5.5,6.0,6.5,7.0
11,16,2,5.5,6.0,8.0,8.5
11,21,2,5.5,6.0,10.5,11.0
11,24,2,5.5,6.0,12.0,12.5
11,78,2,5.5,6.0,39.0,39.5
11,86,2,5.5,6.0,43.0,43.5
11,87,2,5.5,6.0,43.5,44.0
12,-17,2,6.0,6.5,-8.5,-8.0
12,-12,2,6.0,6.5,-6.0,-5.5
12,2,2,6.0,6.5,1.0,1.5
12,15,2,6.0,6.5,7.5,8.0
12,29,2,6.0,6.5,14.5,15.0
12,74,2,6.0,6.5,37.0,37.5
13,-23,2,6.5,7.0,-11.5,-11.0
13,-16,2,6.5,7.0,-8.0,-7.5
13,-15,2,6.5,7.0,-7.5,-7.0
13,-14,2,6.5,7.0,-7.0,-6.5
13,-13,2,6.5,7.0,-6.5,-6.0
13,-1,2,6.5,7.0,-0.5,0.0
13,4,2,6.5,7.0,2.0,2.5
13,5,2,6.5,7.0,2.5,3.0
13,9,2,6.5,7.0,4.5,5.0
13,15,2,6.5,7.0,7.5,8.0
13,18,2,6.5,7.0,9.0,9.5
14,-23,2,7.0,7.5,-11.5,-11.0
14,-5,2,7.0,7.5,-2.5,-2.0
14,7,2,7.0,7.5,3.5,4.0
14,12,2,7.0,7.5,6.0,6.5
14,70,2,7.0,7.5,35.0,35.5
15,-25,2,7.5,8.0,-12.5,-12.0
15,-19,2,7.5,8.0,-9.5,-9.0
15,-18,2,7.5,8.0,-9.0,-8.5
15,-14,2,7.5,8.0,-7.0,-6.5
15,-12,2,7.5,8.0,-6.0,-5.5
15,3,2,7.5,8.0,1.5,2.0
15,7,2,7.5,8.0,3.5,4.0
15,76,2,7.5,8.0,38.0,38.5
16,-27,2,8.0,8.5,-13.5,-13.0
16,-25,2,8.0,8.5,-12.5,-12.0
16,-12,2,8.0,8.5,-6.0,-5.5
16,-1,2,8.0,8.5,-0.5,0.0
16,7,2,8.0,8.5,3.5,4.0
16,12,2,8.0,8.5,6.0,6.5
16,21,2,8.0,8.5,10.5,11.0
16,28,2,8.0,8.5,14.0,14.5
16,73,2,8.0,8.5,36.5,37.0
16,74,2,8.0,8.5,37.0,37.5
16,79,2,8.0,8.5,39.5,40.0
17,-21,2,8.5,9.0,-10.5,-10.0
17,-17,2,8.5,9.0,-8.5,-8.0
17,-7,2,8.5,9.0,-3.5,-3.0
17,-6,2,8.5,9.0,-3.0,-2.5
17,0,2,8.5,9.0,0.0,0.5
17,10,2,8.5,9.0,5.0,5.5
17,17,2,8.5,9.0,8.5,9.0
17,19,2,8.5,9.0,9.5,10.0
17,21,2,8.5,9.0,10.5,11.0
17,78,2,8.5,9.0,39.0,39.5
17,84,2,8.5,9.0,42.0,42.5
17,86,2,8.5,9.0,43.0,43.5
18,-24,2,9.0,9.5,-12.0,-11.5
18,-19,2,9.0,9.5,-9.5,-9.0
18,-15,2,9.0,9.5,-7.5,-7.0
18,-13,2,9.0,9.5,-6.5,-6.0
18,-3,2,9.0,9.5,-1.5,-1.0
18,-2,2,9.0,9.5,-1.0,-0.5
18,10,2,9.0,9.5,5.0,5.5
18,11,2,9.0,9.5,5.5,6.0
18,15,2,9.0,9.5,7.5,8.0
18,17,2,9.0,9.5,8.5,9.0
19,-22,2,9.5,10.0,-11.0,-10.5
19,-21,2,9.5,10.0,-10.5,-10.0
19,-12,2,9.5,10.0,-6.0,-5.5
19,-11,2,9.5,10.0,-5.5,-5.0
19,-3,2,9.5,10.0,-1.5,-1.0
19,1,2,9.5,10.0,0.5,1.0
19,3,2,9.5,10.0,1.5,2.0
19,5,2,9.5,10.0,2.5,3.0
19,6,2,9.5,10.0,3.0,3.5
19,13,2,9.5,10.0,6.5,7.0
19,17,2,9.5,10.0,8.5,9.0
19,79,2,9.5,10.0,39.5,40.0
19,83,2,9.5,10.0,41.5,42.0
19,84,2,9.5,10.0,42.0,42.5
20,-22,2,10.0,10.5,-11.0,-10.5
20,-12,2,10.0,10.5,-6.0,-5.5
20,-3,2,10.0,10.5,-1.5,-1.0
20,3,2,10.0,10.5,1.5,2.0
20,24,2,10.0,10.5,12.0,12.5
20,28,2,10.0,10.5,14.0,14.5
20,29,2,10.0,10.5,14.5,15.0
21,-21,2,10.5,11.0,-10.5,-10.0
21,-18,2,10.5,11.0,-9.0,-8.5
21,-14,2,10.5,11.0,-7.0,-6.5
21,-7,2,10.5,11.0,-3.5,-3.0
21,-1,2,10.5,11.0,-0.5,0.0
21,2,2,10.5,11.0,1.0,1.5
21,22,2,10.5,11.0,11.0,11.5
21,24,2,10.5,11.0,12.0,12.5
21,73,2,10.5,11.0,36.5,37.0
21,74,2,10.5,11.0,37.0,37.5
21,80,2,10.5,11.0,40.0,40.5
22,-22,2,11.0,11.5,-11.0,-10.5
22,-19,2,11.0,11.5,-9.5,-9.0
22,-18,2,11.0,11.5,-9.0,-8.5
22,-15,2,11.0,11.5,-7.5,-7.0
22,-4,2,11.0,11.5,-2.0,-1.5
22,8,2,11.0,11.5,4.0,4.5
22,16,2,11.0,11.5,8.0,8.5
22,59,2,11.0,11.5,29.5,30.0
22,74,2,11.0,11.5,37.0,37.5
23,-24,2,11.5,12.0,-12.0,-11.5
23,-21,2,11.5,12.0,-10.5,-10.0
23,-20,2,11.5,12.0,-10.0,-9.5
23,-17,2,11.5,12.0,-8.5,-8.0
23,-10,2,11.5,12.0,-5.0,-4.5
23,-9,2,11.5,12.0,-4.5,-4.0
23,-7,2,11.5,12.0,-3.5,-3.0
23,3,2,11.5,12.0,1.5,2.0
23,9,2,11.5,12.0,4.5,5.0
23,22,2,11.5,12.0,11.0,11.5
23,23,2,11.5,12.0,11.5,12.0
23,49,2,11.5,12.0,24.5,25.0
23,51,2,11.5,12.0,25.5,26.0
23,75,2,11.5,12.0,37.5,38.0
23,79,2,11.5,12.0,39.5,40.0
23,80,2,11.5,12.0,40.0,40.5
23,81,2,11.5,12.0,40.5,41.0
24,-28,2,12.0,12.5,-14.0,-13.5
24,-21,2,12.0,12.5,-10.5,-10.0
24,-15,2,12.0,12.5,-7.5,-7.0
24,-14,2,12.0,12.5,-7.0,-6.5
24,-8,2,12.0,12.5,-4.0,-3.5
24,-1,2,12.0,12.5,-0.5,0.0
24,1,2,12.0,12.5,0.5,1.0
24,7,2,12.0,12.5,3.5,4.0
24,9,2,12.0,12.5,4.5,5.0
24,15,2,12.0,12.5,7.5,8.0
24,16,2,12.0,12.5,8.0,8.5
24,21,2,12.0,12.5,10.5,11.0
24,58,2,12.0,12.5,29.0,29.5
24,68,2,12.0,12.5,34.0,34.5
24,77,2,12.0,12.5,38.5,39.0
25,-34,2,12.5,13.0,-17.0,-16.5
25,-33,2,12.5,13.0,-16.5,-16.0
25,-12,2,12.5,13.0,-6.0,-5.5
25,-7,2,12.5,13.0,-3.5,-3.0
25,-1,2,12.5,13.0,-0.5,0.0
25,17,2,12.5,13.0,8.5,9.0
25,19,2,12.5,13.0,9.5,10.0
25,48,2,12.5,13.0,24.0,24.5
25,57,2,12.5,13.0,28.5,29.0
25,60,2,12.5,13.0,30.0,30.5
25,74,2,12.5,13.0,37.0,37.5
26,-34,2,13.0,13.5,-17.0,-16.5
26,-17,2,13.0,13.5,-8.5,-8.0
26,-6,2,13.0,13.5,-3.0,-2.5
26,-3,2,13.0,13.5,-1.5,-1.0
26,-1,2,13.0,13.5,-0.5,0.0
26,3,2,13.0,13.5,1.5,2.0
26,5,2,13.0,13.5,2.5,3.0
26,16,2,13.0,13.5,8.0,8.5
26,19,2,13.0,13.5,9.5,10.0
26,59,2,13.0,13.5,29.5,30.0
26,65,2,13.0,13.5,32.5,33.0
26,76,2,13.0,13.5,38.0,38.5
27,-34,2,13.5,14.0,-17.0,-16.5
27,-30,2,13.5,14.0,-15.0,-14.5
27,-6,2,13.5,14.0,-3.0,-2.5
27,10,2,13.5,14.0,5.0,5.5
27,11,2,13.5,14.0,5.5,6.0
27,14,2,13.5,14.0,7.0,7.5
27,16,2,13.5,14.0,8.0,8.5
27,52,2,13.5,14.0,26.0,26.5
27,64,2,13.5,14.0,32.0,32.5
27,67,2,13.5,14.0,33.5,34.0
27,79,2,13.5,14.0,39.5,40.0
27,80,2,13.5,14.0,40.0,40.5
28,-35,2,14.0,14.5,-17.5,-17.0
28,-34,2,14.0,14.5,-17.0,-16.5
28,-33,2,14.0,14.5,-16.5,-16.0
28,-32,2,14.0,14.5,-16.0,-15.5
28,-23,2,14.0,14.5,-11.5,-11.0
28,-10,2,14.0,14.5,-5.0,-4.5
28,-2,2,14.0,14.5,-1.0,-0.5
28,-1,2,14.0,14.5,-0.5,0.0
28,0,2,14.0,14.5,0.0,0.5
28,9,2,14.0,14.5,4.5,5.0
28,16,2,14.0,14.5,8.0,8.5
28,60,2,14.0,14.5,30.0,30.5
28,70,2,14.0,14.5,35.0,35.5
29,-49,2,14.5,15.0,-24.5,-24.0
29,-30,2,14.5,15.0,-15.0,-14.5
29,-29,2,14.5,15.0,-14.5,-14.0
29,-25,2,14.5,15.0,-12.5,-12.0
29,-17,2,14.5,15.0,-8.5,-8.0
29,-13,2,14.5,15.0,-6.5,-6.0
29,-7,2,14.5,15.0,-3.5,-3.0
29,10,2,14.5,15.0,5.0,5.5
29,11,2,14.5,15.0,5.5,6.0
29,13,2,14.5,15.0,6.5,7.0
29,16,2,14.5,15.0,8.0,8.5
30,-49,2,15.0,15.5,-24.5,-24.0
30,-48,2,15.0,15.5,-24.0,-23.5
30,-22,2,15.0,15.5,-11.0,-10.5
30,-19,2,15.0,15.5,-9.5,-9.0
30,-17,2,15.0,15.5,-8.5,-8.0
30,-15,2,15.0,15.5,-7.5,-7.0
30,-14,2,15.0,15.5,-7.0,-6.5
31,-18,2,15.5,16.0,-9.0,-8.5
31,-16,2,15.5,16.0,-8.0,-7.5
31,-15,2,15.5,16.0,-7.5,-7.0
31,64,2,15.5,16.0,32.0,32.5
32,-18,2,16.0,16.5,-9.0,-8.5
32,-16,2,16.0,16.5,-8.0,-7.5
32,-1,2,16.0,16.5,-0.5,0.0
32,65,2,16.0,16.5,32.5,33.0
33,-50,2,16.5,17.0,-25.0,-24.5
33,-33,2,16.5,17.0,-16.5,-16.0
33,-26,2,16.5,17.0,-13.0,-12.5
33,-8,2,16.5,17.0,-4.0,-3.5
33,-7,2,16.5,17.0,-3.5,-3.0
33,-6,2,16.5,17.0,-3.0,-2.5
33,13,2,16.5,17.0,6.5,7.0
33,15,2,16.5,17.0,7.5,8.0
34,-50,2,17.0,17.5,-25.0,-24.5
34,-33,2,17.0,17.5,-16.5,-16.0
34,-26,2,17.0,17.5,-13.0,-12.5
34,0,2,17.0,17.5,0.0,0.5
36,-33,2,18.0,18.5,-16.5,-16.0
36,1,2,18.0,18.5,0.5,1.0
37,14,2,18.5,19.0,7.0,7.5
37,63,2,18.5,19.0,31.5,32.0
58,-18,2,29.0,29.5,-9.0,-8.5
59,-15,2,29.5,30.0,-7.5,-7.0
62,-13,2,31.0,31.5,-6.5,-6.0
63,-19,2,31.5,32.0,-9.5,-9.0
63,-14,2,31.5,32.0,-7.0,-6.5
64,-18,2,32.0,32.5,-9.0,-8.5
64,-16,2,32.0,32.5,-8.0,-7.5
65,-18,2,32.5,33.0,-9.0,-8.5
66,-16,2,33.0,33.5,-8.0,-7.5
67,-11,2,33.5,34.0,-5.5,-5.0
67,16,2,33.5,34.0,8.0,8.5
67,20,2,33.5,34.0,10.0,10.5
68,-13,2,34.0,34.5,-6.5,-6.0
68,-12,2,34.0,34.5,-6.0,-5.5
68,-11,2,34.0,34.5,-5.5,-5.0
68,-6,2,34.0,34.5,-3.0,-2.5
69,17,2,34.5,35.0,8.5,9.0
70,-9,2,35.0,35.5,-4.5,-4.0
70,17,2,35.0,35.5,8.5,9.0
70,18,2,35.0,35.5,9.0,9.5
71,19,2,35.5,36.0,9.5,10.0
71,20,2,35.5,36.0,10.0,10.5
73,21,2,36.5,37.0,10.5,11.0
-70,39,3,-35.0,-34.5,19.5,20.0
-69,44,3,-34.5,-34.0,22.0,22.5
-69,46,3,-34.5,-34.0,23.0,23.5
-68,37,3,-34.0,-33.5,18.5,19.0
-68,38,3,-34.0,-33.5,19.0,19.5
-66,35,3,-33.0,-32.5,17.5,18.0
-66,36,3,-33.0,-32.5,18.0,18.5
-66,37,3,-33.0,-32.5,18.5,19.0
-66,53,3,-33.0,-32.5,26.5,27.0
-66,54,3,-33.0,-32.5,27.0,27.5
-65,56,3,-32.5,-32.0,28.0,28.5
-64,56,3,-32.0,-31.5,28.0,28.5
-64,57,3,-32.0,-31.5,28.5,29.0
-64,58,3,-32.0,-31.5,29.0,29.5
-63,47,3,-31.5,-31.0,23.5,24.0
-62,44,3,-31.0,-30.5,22.0,22.5
-62,56,3,-31.0,-30.5,28.0,28.5
-61,55,3,-30.5,-30.0,27.5,28.0
-60,48,3,-30.0,-29.5,24.0,24.5
-59,53,3,-29.5,-29.0,26.5,27.0
-59,58,3,-29.5,-29.0,29.0,29.5
-59,63,3,-29.5,-29.0,31.5,32.0
-58,32,3,-29.0,-28.5,16.0,16.5
-58,50,3,-29.0,-28.5,25.0,25.5
-58,60,3,-29.0,-28.5,30.0,30.5
-58,62,3,-29.0,-28.5,31.0,31.5
-58,64,3,-29.0,-28.5,32.0,32.5
-57,37,3,-28.5,-28.0,18.5,19.0
-57,42,3,-28.5,-28.0,21.0,21.5
-57,48,3,-28.5,-28.0,24.0,24.5
-57,49,3,-28.5,-28.0,24.5,25.0
-57,58,3,-28.5,-28.0,29.0,29.5
-57,61,3,-28.5,-28.0,30.5,31.0
-57,62,3,-28.5,-28.0,31.0,31.5
-56,33,3,-28.0,-27.5,16.5,17.0
-56,59,3,-28.0,-27.5,29.5,30.0
-56,60,3,-28.0,-27.5,30.0,30.5
-56,61,3,-28.0,-27.5,30.5,31.0
-56,63,3,-28.0,-27.5,31.5,32.0
-55,46,3,-27.5,-27.0,23.0,23.5
-55,53,3,-27.5,-27.0,26.5,27.0
-54,62,3,-27.0,-26.5,31.0,31.5
-53,43,3,-26.5,-26.0,21.5,22.0
-53,44,3,-26.5,-26.0,22.0,22.5
-53,53,3,-26.5,-26.0,26.5,27.0
-53,55,3,-26.5,-26.0,27.5,28.0
-53,60,3,-26.5,-26.0,30.0,30.5
-53,64,3,-26.5,-26.0,32.0,32.5
-52,50,3,-26.0,-25.5,25.0,25.5
-52,54,3,-26.0,-25.5,27.0,27.5
-52,56,3,-26.0,-25.5,28.0,28.5
-52,63,3,-26.0,-25.5,31.5,32.0
-51,58,3,-25.5,-25.0,29.0,29.5
-51,62,3,-25.5,-25.0,31.0,31.5
-51,88,3,-25.5,-25.0,44.0,44.5
-51,89,3,-25.5,-25.0,44.5,45.0
-50,33,3,-25.0,-24.5,16.5,17.0
-50,35,3,-25.0,-24.5,17.5,18.0
-50,47,3,-25.0,-24.5,23.5,24.0
-50,49,3,-25.0,-24.5,24.5,25.0
-50,51,3,-25.0,-24.5,25.5,26.0
-50,59,3,-25.0,-24.5,29.5,30.0
-50,68,3,-25.0,-24.5,34.0,34.5
-49,43,3,-24.5,-24.0,21.5,22.0
-49,50,3,-24.5,-24.0,25.0,25.5
-49,59,3,-24.5,-24.0,29.5,30.0
-49,69,3,-24.5,-24.0,34.5,35.0
-49,89,3,-24.5,-24.0,44.5,45.0
-48,49,3,-24.0,-23.5,24.5,25.0
-48,55,3,-24.0,-23.5,27.5,28.0
-48,60,3,-24.0,-23.5,30.0,30.5
-48,69,3,-24.0,-23.5,34.5,35.0
-47,95,3,-23.5,-23.0,47.5,48.0
-46,36,3,-23.0,-22.5,18.0,18.5
-46,52,3,-23.0,-22.5,26.0,26.5
-46,53,3,-23.0,-22.5,26.5,27.0
-46,54,3,-23.0,-22.5,27.0,27.5
-46,70,3,-23.0,-22.5,35.0,35.5
-46,87,3,-23.0,-22.5,43.5,44.0
-46,88,3,-23.0,-22.5,44.0,44.5
-45,33,3,-22.5,-22.0,16.5,17.0
-45,37,3,-22.5,-22.0,18.5,19.0
-45,55,3,-22.5,-22.0,27.5,28.0
-45,90,3,-22.5,-22.0,45.0,45.5
-45,92,3,-22.5,-22.0,46.0,46.5
-45,95,3,-22.5,-22.0,47.5,48.0
-44,43,3,-22.0,-21.5,21.5,22.0
-44,55,3,-22.0,-21.5,27.5,28.0
-44,70,3,-22.0,-21.5,35.0,35.5
-43,30,3,-21.5,-21.0,15.0,15.5
-43,53,3,-21.5,-21.0,26.5,27.0
-43,54,3,-21.5,-21.0,27.0,27.5
-43,59,3,-21.5,-21.0,29.5,30.0
-43,61,3,-21.5,-21.0,30.5,31.0
-43,96,3,-21.5,-21.0,48.0,48.5
-42,36,3,-21.0,-20.5,18.0,18.5
-42,54,3,-21.0,-20.5,27.0,27.5
-42,57,3,-21.0,-20.5,28.5,29.0
-42,59,3,-21.0,-20.5,29.5,30.0
-42,61,3,-21.0,-20.5,30.5,31.0
-42,62,3,-21.0,-20.5,31.0,31.5
-42,63,3,-21.0,-20.5,31.5,32.0
-41,29,3,-20.5,-20.0,14.5,15.0
-41,41,3,-20.5,-20.0,20.5,21.0
-41,56,3,-20.5,-20.0,28.0,28.5
-41,60,3,-20.5,-20.0,30.0,30.5
-41,61,3,-20.5,-20.0,30.5,31.0
-41,66,3,-20.5,-20.0,33.0,33.5
-41,67,3,-20.5,-20.0,33.5,34.0
-41,90,3,-20.5,-20.0,45.0,45.5
-40,34,3,-20.0,-19.5,17.0,17.5
-40,44,3,-20.0,-19.5,22.0,22.5
-40,47,3,-20.0,-19.5,23.5,24.0
-40,61,3,-20.0,-19.5,30.5,31.0
-40,63,3,-20.0,-19.5,31.5,32.0
-40,65,3,-20.0,-19.5,32.5,33.0
-40,69,3,-20.0,-19.5,34.5,35.0
-40,70,3,-20.0,-19.5,35.0,35.5
-40,126,3,-20.0,-19.5,63.0,63.5
-39,92,3,-19.5,-19.0,46.0,46.5
-39,94,3,-19.5,-19.0,47.0,47.5
-38,28,3,-19.0,-18.5,14.0,14.5
-38,43,3,-19.0,-18.5,21.5,22.0
-38,44,3,-19.0,-18.5,22.0,22.5
-38,59,3,-19.0,-18.5,29.5,30.0
-38,63,3,-19.0,-18.5,31.5,32.0
-38,65,3,-19.0,-18.5,32.5,33.0
-38,89,3,-19.0,-18.5,44.5,45.0
-38,92,3,-19.0,-18.5,46.0,46.5
-38,97,3,-19.0,-18.5,48.5,49.0
-37,34,3,-18.5,-18.0,17.0,17.5
-37,38,3,-18.5,-18.0,19.0,19.5
-37,39,3,-18.5,-18.0,19.5,20.0
-37,42,3,-18.5,-18.0,21.0,21.5
-37,92,3,-18.5,-18.0,46.0,46.5
-36,37,3,-18.0,-17.5,18.5,19.0
-36,38,3,-18.0,-17.5,19.0,19.5
-36,50,3,-18.0,-17.5,25.0,25.5
-36,63,3,-18.0,-17.5,31.5,32.0
-35,30,3,-17.5,-17.0,15.0,15.5
-35,48,3,-17.5,-17.0,24.0,24.5
-35,49,3,-17.5,-17.0,24.5,25.0
-35,55,3,-17.5,-17.0,27.5,28.0
-35,60,3,-17.5,-17.0,30.0,30.5
-35,73,3,-17.5,-17.0,36.5,37.0
-35,74,3,-17.5,-17.0,37.0,37.5
-34,31,3,-17.0,-16.5,15.5,16.0
-34,32,3,-17.0,-16.5,16.0,16.5
-34,52,3,-17.0,-16.5,26.0,26.5
-34,53,3,-17.0,-16.5,26.5,27.0
-34,54,3,-17.0,-16.5,27.0,27.5
-34,56,3,-17.0,-16.5,28.0,28.5
-34,57,3,-17.0,-16.5,28.5,29.0
-34,59,3,-17.0,-16.5,29.5,30.0
-34,75,3,-17.0,-16.5,37.5,38.0
-34,77,3,-17.0,-16.5,38.5,39.0
-34,78,3,-17.0,-16.5,39.0,39.5
-34,93,3,-17.0,-16.5,46.5,47.0
-33,59,3,-16.5,-16.0,29.5,30.0
-33,62,3,-16.5,-16.0,31.0,31.5
-33,72,3,-16.5,-16.0,36.0,36.5
-33,75,3,-16.5,-16.0,37.5,38.0
-33,91,3,-16.5,-16.0,45.5,46.0
-32,25,3,-16.0,-15.5,12.5,13.0
-32,65,3,-16.0,-15.5,32.5,33.0
-32,68,3,-16.0,-15.5,34.0,34.5
-32,95,3,-16.0,-15.5,47.5,48.0
-31,25,3,-15.5,-15.0,12.5,13.0
-31,26,3,-15.5,-15.0,13.0,13.5
-31,28,3,-15.5,-15.0,14.0,14.5
-31,46,3,-15.5,-15.0,23.0,23.5
-31,48,3,-15.5,-15.0,24.0,24.5
-31,54,3,-15.5,-15.0,27.0,27.5
-31,56,3,-15.5,-15.0,28.0,28.5
-31,57,3,-15.5,-15.0,28.5,29.0
-31,63,3,-15.5,-15.0,31.5,32.0
-31,65,3,-15.5,-15.0,32.5,33.0
-31,70,3,-15.5,-15.0,35.0,35.5
-31,72,3,-15.5,-15.0,36.0,36.5
-31,79,3,-15.5,-15.0,39.5,40.0
-31,94,3,-15.5,-15.0,47.0,47.5
-30,26,3,-15.0,-14.5,13.0,13.5
-30,44,3,-15.0,-14.5,22.0,22.5
-30,48,3,-15.0,-14.5,24.0,24.5
-30,50,3,-15.0,-14.5,25.0,25.5
-30,54,3,-15.0,-14.5,27.0,27.5
-30,61,3,-15.0,-14.5,30.5,31.0
-30,68,3,-15.0,-14.5,34.0,34.5
-29,63,3,-14.5,-14.0,31.5,32.0
-29,66,3,-14.5,-14.0,33.0,33.5
-29,70,3,-14.5,-14.0,35.0,35.5
-29,76,3,-14.5,-14.0,38.0,38.5
-29,99,3,-14.5,-14.0,49.5,50.0
-28,31,3,-14.0,-13.5,15.5,16.0
-28,62,3,-14.0,-13.5,31.0,31.5
-28,66,3,-14.0,-13.5,33.0,33.5
-28,69,3,-14.0,-13.5,34.5,35.0
-28,77,3,-14.0,-13.5,38.5,39.0
-27,57,3,-13.5,-13.0,28.5,29.0
-27,72,3,-13.5,-13.0,36.0,36.5
-27,79,3,-13.5,-13.0,39.5,40.0
-26,26,3,-13.0,-12.5,13.0,13.5
-26,68,3,-13.0,-12.5,34.0,34.5
-26,69,3,-13.0,-12.5,34.5,35.0
-26,70,3,-13.0,-12.5,35.0,35.5
-26,81,3,-13.0,-12.5,40.5,41.0
-25,29,3,-12.5,-12.0,14.5,15.0
-25,31,3,-12.5,-12.0,15.5,16.0
-25,52,3,-12.5,-12.0,26.0,26.5
-25,62,3,-12.5,-12.0,31.0,31.5
-25,66,3,-12.5,-12.0,33.0,33.5
-25,67,3,-12.5,-12.0,33.5,34.0
-25,98,3,-12.5,-12.0,49.0,49.5
-24,30,3,-12.0,-11.5,15.0,15.5
-24,32,3,-12.0,-11.5,16.0,16.5
-24,34,3,-12.0,-11.5,17.0,17.5
-24,50,3,-12.0,-11.5,25.0,25.5
-24,60,3,-12.0,-11.5,30.0,30.5
-24,65,3,-12.0,-11.5,32.5,33.0
-23,29,3,-11.5,-11.0,14.5,15.0
-23,32,3,-11.5,-11.0,16.0,16.5
-23,59,3,-11.5,-11.0,29.5,30.0
-23,68,3,-11.5,-11.0,34.0,34.5
-23,72,3,-11.5,-11.0,36.0,36.5
-23,76,3,-11.5,-11.0,38.0,38.5
-22,57,3,-11.0,-10.5,28.5,29.0
-22,58,3,-11.0,-10.5,29.0,29.5
-22,59,3,-11.0,-10.5,29.5,30.0
-22,68,3,-11.0,-10.5,34.0,34.5
-22,75,3,-11.0,-10.5,37.5,38.0
-22,76,3,-11.0,-10.5,38.0,38.5
-22,80,3,-11.0,-10.5,40.0,40.5
-21,59,3,-10.5,-10.0,29.5,30.0
-21,64,3,-10.5,-10.0,32.0,32.5
-21,65,3,-10.5,-10.0,32.5,33.0
-21,80,3,-10.5,-10.0,40.0,40.5
-20,32,3,-10.0,-9.5,16.0,16.5
-20,37,3,-10.0,-9.5,18.5,19.0
-20,63,3,-10.0,-9.5,31.5,32.0
-20,66,3,-10.0,-9.5,33.0,33.5
-20,67,3,-10.0,-9.5,33.5,34.0
-20,76,3,-10.0,-9.5,38.0,38.5
-19,29,3,-9.5,-9.0,14.5,15.0
-19,68,3,-9.5,-9.0,34.0,34.5
-19,78,3,-9.5,-9.0,39.0,39.5
-18,31,3,-9.0,-8.5,15.5,16.0
-18,61,3,-9.0,-8.5,30.5,31.0
-18,64,3,-9.0,-8.5,32.0,32.5
-18,65,3,-9.0,-8.5,32.5,33.0
-18,66,3,-9.0,-8.5,33.0,33.5
-18,72,3,-9.0,-8.5,36.0,36.5
-17,41,3,-8.5,-8.0,20.5,21.0
-17,64,3,-8.5,-8.0,32.0,32.5
-17,72,3,-8.5,-8.0,36.0,36.5
-17,73,3,-8.5,-8.0,36.5,37.0
-17,77,3,-8.5,-8.0,38.5,39.0
-16,42,3,-8.0,-7.5,21.0,21.5
-16,62,3,-8.0,-7.5,31.0,31.5
-16,77,3,-8.0,-7.5,38.5,39.0
-15,27,3,-7.5,-7.0,13.5,14.0
-15,71,3,-7.5,-7.0,35.5,36.0
-14,29,3,-7.0,-6.5,14.5,15.0
-14,42,3,-7.0,-6.5,21.0,21.5
-14,71,3,-7.0,-6.5,35.5,36.0
-13,24,3,-6.5,-6.0,12.0,12.5
-13,30,3,-6.5,-6.0,15.0,15.5
-13,73,3,-6.5,-6.0,36.5,37.0
-13,75,3,-6.5,-6.0,37.5,38.0
-13,79,3,-6.5,-6.0,39.5,40.0
-12,70,3,-6.0,-5.5,35.0,35.5
-12,72,3,-6.0,-5.5,36.0,36.5
-12,76,3,-6.0,-5.5,38.0,38.5
-12,77,3,-6.0,-5.5,38.5,39.0
-11,79,3,-5.5,-5.0,39.5,40.0
-10,66,3,-5.0,-4.5,33.0,33.5
-10,76,3,-5.0,-4.5,38.0,38.5
-10,78,3,-5.0,-4.5,39.0,39.5
-9,25,3,-4.5,-4.0,12.5,13.0
-9,66,3,-4.5,-4.0,33.0,33.5
-9,111,3,-4.5,-4.0,55.5,56.0
-8,28,3,-4.0,-3.5,14.0,14.5
-8,64,3,-4.0,-3.5,32.0,32.5
-8,66,3,-4.0,-3.5,33.0,33.5
-8,68,3,-4.0,-3.5,34.0,34.5
-8,74,3,-4.0,-3.5,37.0,37.5
-7,65,3,-3.5,-3.0,32.5,33.0
-7,77,3,-3.5,-3.0,38.5,39.0
-7,80,3,-3.5,-3.0,40.0,40.5
-6,21,3,-3.0,-2.5,10.5,11.0
-6,64,3,-3.0,-2.5,32.0,32.5
-5,63,3,-2.5,-2.0,31.5,32.0
-5,65,3,-2.5,-2.0,32.5,33.0
-5,66,3,-2.5,-2.0,33.0,33.5
-5,75,3,-2.5,-2.0,37.5,38.0
-5,80,3,-2.5,-2.0,40.0,40.5
-4,20,3,-2.0,-1.5,10.0,10.5
-4,23,3,-2.0,-1.5,11.5,12.0
-4,75,3,-2.0,-1.5,37.5,38.0
-4,76,3,-2.0,-1.5,38.0,38.5
-3,17,3,-1.5,-1.0,8.5,9.0
-3,69,3,-1.5,-1.0,34.5,35.0
-3,72,3,-1.5,-1.0,36.0,36.5
-3,74,3,-1.5,-1.0,37.0,37.5
-3,76,3,-1.5,-1.0,38.0,38.5
-2,29,3,-1.0,-0.5,14.5,15.0
-2,68,3,-1.0,-0.5,34.0,34.5
-2,73,3,-1.0,-0.5,36.5,37.0
-1,23,3,-0.5,0.0,11.5,12.0
-1,61,3,-0.5,0.0,30.5,31.0
-1,65,3,-0.5,0.0,32.5,33.0
-1,68,3,-0.5,0.0,34.0,34.5
0,62,3,0.0,0.5,31.0,31.5
0,74,3,0.0,0.5,37.0,37.5
1,18,3,0.5,1.0,9.0,9.5
1,25,3,0.5,1.0,12.5,13.0
1,68,3,0.5,1.0,34.0,34.5
1,70,3,0.5,1.0,35.0,35.5
2,23,3,1.0,1.5,11.5,12.0
2,63,3,1.0,1.5,31.5,32.0
3,23,3,1.5,2.0,11.5,12.0
3,36,3,1.5,2.0,18.0,18.5
3,62,3,1.5,2.0,31.0,31.5
3,80,3,1.5,2.0,40.0,40.5
4,22,3,2.0,2.5,11.0,11.5
4,70,3,2.0,2.5,35.0,35.5
4,76,3,2.0,2.5,38.0,38.5
5,23,3,2.5,3.0,11.5,12.0
5,63,3,2.5,3.0,31.5,32.0
6,70,3,3.0,3.5,35.0,35.5
7,24,3,3.5,4.0,12.0,12.5
8,18,3,4.0,4.5,9.0,9.5
8,19,3,4.0,4.5,9.5,10.0
8,22,3,4.0,4.5,11.0,11.5
9,-17,3,4.5,5.0,-8.5,-8.0
9,19,3,4.5,5.0,9.5,10.0
9,29,3,4.5,5.0,14.5,15.0
10,-20,3,5.0,5.5,-10.0,-9.5
10,-8,3,5.0,5.5,-4.0,-3.5
10,-6,3,5.0,5.5,-3.0,-2.5
10,-1,3,5.0,5.5,-0.5,0.0
10,13,3,5.0,5.5,6.5,7.0
10,16,3,5.0,5.5,8.0,8.5
10,18,3,5.0,5.5,9.0,9.5
10,77,3,5.0,5.5,38.5,39.0
11,-7,3,5.5,6.0,-3.5,-3.0
11,-1,3,5.5,6.0,-0.5,0.0
11,73,3,5.5,6.0,36.5,37.0
11,76,3,5.5,6.0,38.0,38.5
11,77,3,5.5,6.0,38.5,39.0
11,85,3,5.5,6.0,42.5,43.0
12,-11,3,6.0,6.5,-5.5,-5.0
12,-7,3,6.0,6.5,-3.5,-3.0
12,-6,3,6.0,6.5,-3.0,-2.5
12,4,3,6.0,6.5,2.0,2.5
12,13,3,6.0,6.5,6.5,7.0
12,20,3,6.0,6.5,10.0,10.5
12,23,3,6.0,6.5,11.5,12.0
13,-20,3,6.5,7.0,-10.0,-9.5
13,-19,3,6.5,7.0,-9.5,-9.0
13,-11,3,6.5,7.0,-5.5,-5.0
13,-9,3,6.5,7.0,-4.5,-4.0
13,-7,3,6.5,7.0,-3.5,-3.0
13,16,3,6.5,7.0,8.0,8.5
13,23,3,6.5,7.0,11.5,12.0
13,26,3,6.5,7.0,13.0,13.5
13,71,3,6.5,7.0,35.5,36.0
13,77,3,6.5,7.0,38.5,39.0
13,86,3,6.5,7.0,43.0,43.5
14,-18,3,7.0,7.5,-9.0,-8.5
14,-13,3,7.0,7.5,-6.5,-6.0
14,-10,3,7.0,7.5,-5.0,-4.5
14,-8,3,7.0,7.5,-4.0,-3.5
14,2,3,7.0,7.5,1.0,1.5
14,4,3,7.0,7.5,2.0,2.5
14,16,3,7.0,7.5,8.0,8.5
14,21,3,7.0,7.5,10.5,11.0
14,27,3,7.0,7.5,13.5,14.0
14,71,3,7.0,7.5,35.5,36.0
14,78,3,7.0,7.5,39.0,39.5
14,81,3,7.0,7.5,40.5,41.0
15,-24,3,7.5,8.0,-12.0,-11.5
15,-22,3,7.5,8.0,-11.0,-10.5
15,-13,3,7.5,8.0,-6.5,-6.0
15,2,3,7.5,8.0,1.0,1.5
15,8,3,7.5,8.0,4.0,4.5
15,9,3,7.5,8.0,4.5,5.0
15,14,3,7.5,8.0,7.0,7.5
15,73,3,7.5,8.0,36.5,37.0
16,-22,3,8.0,8.5,-11.0,-10.5
16,-19,3,8.0,8.5,-9.5,-9.0
16,-16,3,8.0,8.5,-8.0,-7.5
16,-11,3,8.0,8.5,-5.5,-5.0
16,-10,3,8.0,8.5,-5.0,-4.5
16,-6,3,8.0,8.5,-3.0,-2.5
16,2,3,8.0,8.5,1.0,1.5
16,5,3,8.0,8.5,2.5,3.0
17,-18,3,8.5,9.0,-9.0,-8.5
17,-13,3,8.5,9.0,-6.5,-6.0
17,5,3,8.5,9.0,2.5,3.0
17,11,3,8.5,9.0,5.5,6.0
17,13,3,8.5,9.0,6.5,7.0
17,15,3,8.5,9.0,7.5,8.0
17,26,3,8.5,9.0,13.0,13.5
17,27,3,8.5,9.0,13.5,14.0
17,76,3,8.5,9.0,38.0,38.5
17,77,3,8.5,9.0,38.5,39.0
17,81,3,8.5,9.0,40.5,41.0
18,-25,3,9.0,9.5,-12.5,-12.0
18,-22,3,9.0,9.5,-11.0,-10.5
18,-6,3,9.0,9.5,-3.0,-2.5
18,2,3,9.0,9.5,1.0,1.5
18,4,3,9.0,9.5,2.0,2.5
18,6,3,9.0,9.5,3.0,3.5
18,16,3,9.0,9.5,8.0,8.5
18,18,3,9.0,9.5,9.0,9.5
18,27,3,9.0,9.5,13.5,14.0
18,76,3,9.0,9.5,38.0,38.5
19,-28,3,9.5,10.0,-14.0,-13.5
19,-2,3,9.5,10.0,-1.0,-0.5
19,-1,3,9.5,10.0,-0.5,0.0
19,4,3,9.5,10.0,2.0,2.5
19,7,3,9.5,10.0,3.5,4.0
19,14,3,9.5,10.0,7.0,7.5
19,23,3,9.5,10.0,11.5,12.0
19,24,3,9.5,10.0,12.0,12.5
19,27,3,9.5,10.0,13.5,14.0
19,71,3,9.5,10.0,35.5,36.0
19,73,3,9.5,10.0,36.5,37.0
19,80,3,9.5,10.0,40.0,40.5
20,-16,3,10.0,10.5,-8.0,-7.5
20,-14,3,10.0,10.5,-7.0,-6.5
20,-11,3,10.0,10.5,-5.5,-5.0
20,-10,3,10.0,10.5,-5.0,-4.5
20,-9,3,10.0,10.5,-4.5,-4.0
20,-6,3,10.0,10.5,-3.0,-2.5
20,1,3,10.0,10.5,0.5,1.0
20,5,3,10.0,10.5,2.5,3.0
20,6,3,10.0,10.5,3.0,3.5
20,14,3,10.0,10.5,7.0,7.5
20,27,3,10.0,10.5,13.5,14.0
20,31,3,10.0,10.5,15.5,16.0
20,71,3,10.0,10.5,35.5,36.0
21,-23,3,10.5,11.0,-11.5,-11.0
21,-22,3,10.5,11.0,-11.0,-10.5
21,-11,3,10.5,11.0,-5.5,-5.0
21,3,3,10.5,11.0,1.5,2.0
21,4,3,10.5,11.0,2.0,2.5
21,7,3,10.5,11.0,3.5,4.0
21,19,3,10.5,11.0,9.5,10.0
21,27,3,10.5,11.0,13.5,14.0
21,28,3,10.5,11.0,14.0,14.5
21,30,3,10.5,11.0,15.0,15.5
21,75,3,10.5,11.0,37.5,38.0
21,77,3,10.5,11.0,38.5,39.0
21,79,3,10.5,11.0,39.5,40.0
22,-30,3,11.0,11.5,-15.0,-14.5
22,-9,3,11.0,11.5,-4.5,-4.0
22,-6,3,11.0,11.5,-3.0,-2.5
22,4,3,11.0,11.5,2.0,2.5
22,15,3,11.0,11.5,7.5,8.0
22,19,3,11.0,11.5,9.5,10.0
22,20,3,11.0,11.5,10.0,10.5
22,72,3,11.0,11.5,36.0,36.5
22,76,3,11.0,11.5,38.0,38.5
23,-26,3,11.5,12.0,-13.0,-12.5
23,-19,3,11.5,12.0,-9.5,-9.0
23,-18,3,11.5,12.0,-9.0,-8.5
23,-16,3,11.5,12.0,-8.0,-7.5
23,-11,3,11.5,12.0,-5.5,-5.0
23,-1,3,11.5,12.0,-0.5,0.0
23,5,3,11.5,12.0,2.5,3.0
23,15,3,11.5,12.0,7.5,8.0
23,20,3,11.5,12.0,10.0,10.5
23,21,3,11.5,12.0,10.5,11.0
23,48,3,11.5,12.0,24.0,24.5
23,50,3,11.5,12.0,25.0,25.5
23,76,3,11.5,12.0,38.0,38.5
24,-27,3,12.0,12.5,-13.5,-13.0
24,-23,3,12.0,12.5,-11.5,-11.0
24,-17,3,12.0,12.5,-8.5,-8.0
24,-12,3,12.0,12.5,-6.0,-5.5
24,-9,3,12.0,12.5,-4.5,-4.0
24,-6,3,12.0,12.5,-3.0,-2.5
24,-4,3,12.0,12.5,-2.0,-1.5
24,0,3,12.0,12.5,0.0,0.5
24,6,3,12.0,12.5,3.0,3.5
24,48,3,12.0,12.5,24.0,24.5
24,79,3,12.0,12.5,39.5,40.0
25,-23,3,12.5,13.0,-11.5,-11.0
25,-22,3,12.5,13.0,-11.0,-10.5
25,-15,3,12.5,13.0,-7.5,-7.0
25,-13,3,12.5,13.0,-6.5,-6.0
25,-10,3,12.5,13.0,-5.0,-4.5
25,-6,3,12.5,13.0,-3.0,-2.5
25,4,3,12.5,13.0,2.0,2.5
25,27,3,12.5,13.0,13.5,14.0
25,49,3,12.5,13.0,24.5,25.0
25,61,3,12.5,13.0,30.5,31.0
26,-20,3,13.0,13.5,-10.0,-9.5
26,-16,3,13.0,13.5,-8.0,-7.5
26,-11,3,13.0,13.5,-5.5,-5.0
26,0,3,13.0,13.5,0.0,0.5
26,1,3,13.0,13.5,0.5,1.0
26,8,3,13.0,13.5,4.0,4.5
26,14,3,13.0,13.5,7.0,7.5
26,15,3,13.0,13.5,7.5,8.0
26,23,3,13.0,13.5,11.5,12.0
26,77,3,13.0,13.5,38.5,39.0
26,79,3,13.0,13.5,39.5,40.0
27,-32,3,13.5,14.0,-16.0,-15.5
27,-28,3,13.5,14.0,-14.0,-13.5
27,-25,3,13.5,14.0,-12.5,-12.0
27,-11,3,13.5,14.0,-5.5,-5.0
27,-10,3,13.5,14.0,-5.0,-4.5
27,5,3,13.5,14.0,2.5,3.0
27,8,3,13.5,14.0,4.0,4.5
27,13,3,13.5,14.0,6.5,7.0
27,48,3,13.5,14.0,24.0,24.5
27,50,3,13.5,14.0,25.0,25.5
27,65,3,13.5,14.0,32.5,33.0
27,70,3,13.5,14.0,35.0,35.5
27,71,3,13.5,14.0,35.5,36.0
28,-30,3,14.0,14.5,-15.0,-14.5
28,7,3,14.0,14.5,3.5,4.0
28,13,3,14.0,14.5,6.5,7.0
28,18,3,14.0,14.5,9.0,9.5
28,61,3,14.0,14.5,30.5,31.0
28,67,3,14.0,14.5,33.5,34.0
29,-48,3,14.5,15.0,-24.0,-23.5
29,-23,3,14.5,15.0,-11.5,-11.0
29,-21,3,14.5,15.0,-10.5,-10.0
29,-16,3,14.5,15.0,-8.0,-7.5
29,12,3,14.5,15.0,6.0,6.5
29,21,3,14.5,15.0,10.5,11.0
30,-47,3,15.0,15.5,-23.5,-23.0
30,-34,3,15.0,15.5,-17.0,-16.5
30,-26,3,15.0,15.5,-13.0,-12.5
30,-25,3,15.0,15.5,-12.5,-12.0
30,-24,3,15.0,15.5,-12.0,-11.5
30,-20,3,15.0,15.5,-10.0,-9.5
30,-7,3,15.0,15.5,-3.5,-3.0
30,10,3,15.0,15.5,5.0,5.5
30,64,3,15.0,15.5,32.0,32.5
30,71,3,15.0,15.5,35.5,36.0
31,-27,3,15.5,16.0,-13.5,-13.0
31,-14,3,15.5,16.0,-7.0,-6.5
31,-10,3,15.5,16.0,-5.0,-4.5
32,-34,3,16.0,16.5,-17.0,-16.5
32,-31,3,16.0,16.5,-15.5,-15.0
32,-29,3,16.0,16.5,-14.5,-14.0
32,-22,3,16.0,16.5,-11.0,-10.5
33,-25,3,16.5,17.0,-12.5,-12.0
34,-29,3,17.0,17.5,-14.5,-14.0
34,-22,3,17.0,17.5,-11.0,-10.5
34,15,3,17.0,17.5,7.5,8.0
35,68,3,17.5,18.0,34.0,34.5
37,64,3,18.5,19.0,32.0,32.5
40,2,3,20.0,20.5,1.0,1.5
58,-20,3,29.0,29.5,-10.0,-9.5
60,-12,3,30.0,30.5,-6.0,-5.5
62,-20,3,31.0,31.5,-10.0,-9.5
62,-19,3,31.0,31.5,-9.5,-9.0
62,-15,3,31.0,31.5,-7.5,-7.0
62,-9,3,31.0,31.5,-4.5,-4.0
63,-10,3,31.5,32.0,-5.0,-4.5
63,-8,3,31.5,32.0,-4.0,-3.5
64,-19,3,32.0,32.5,-9.5,-9.0
64,-15,3,32.0,32.5,-7.5,-7.0
64,-14,3,32.0,32.5,-7.0,-6.5
64,-10,3,32.0,32.5,-5.0,-4.5
65,-17,3,32.5,33.0,-8.5,-8.0
65,-16,3,32.5,33.0,-8.0,-7.5
65,-10,3,32.5,33.0,-5.0,-4.5
67,-14,3,33.5,34.0,-7.0,-6.5
67,-13,3,33.5,34.0,-6.5,-6.0
67,-12,3,33.5,34.0,-6.0,-5.5
67,17,3,33.5,34.0,8.5,9.0
67,19,3,33.5,34.0,9.5,10.0
68,-7,3,34.0,34.5,-3.5,-3.0
68,17,3,34.0,34.5,8.5,9.0
68,18,3,34.0,34.5,9.0,9.5
69,16,3,34.5,35.0,8.0,8.5
69,18,3,34.5,35.0,9.0,9.5
69,19,3,34.5,35.0,9.5,10.0
69,21,3,34.5,35.0,10.5,11.0
70,16,3,35.0,35.5,8.0,8.5
72,16,3,36.0,36.5,8.0,8.5
73,22,3,36.5,37.0,11.0,11.5
-69,37,4,-34.5,-34.0,18.5,19.0
-69,41,4,-34.5,-34.0,20.5,21.0
-69,42,4,-34.5,-34.0,21.0,21.5
-68,49,4,-34.0,-33.5,24.5,25.0
-68,50,4,-34.0,-33.5,25.0,25.5
-67,54,4,-33.5,-33.0,27.0,27.5
-66,55,4,-33.0,-32.5,27.5,28.0
-65,36,4,-32.5,-32.0,18.0,18.5
-65,51,4,-32.5,-32.0,25.5,26.0
-64,37,4,-32.0,-31.5,18.5,19.0
-64,55,4,-32.0,-31.5,27.5,28.0
-63,52,4,-31.5,-31.0,26.0,26.5
-63,58,4,-31.5,-31.0,29.0,29.5
-63,59,4,-31.5,-31.0,29.5,30.0
-62,50,4,-31.0,-30.5,25.0,25.5
-62,55,4,-31.0,-30.5,27.5,28.0
-61,35,4,-30.5,-30.0,17.5,18.0
-61,36,4,-30.5,-30.0,18.0,18.5
-61,53,4,-30.5,-30.0,26.5,27.0
-61,56,4,-30.5,-30.0,28.0,28.5
-61,57,4,-30.5,-30.0,28.5,29.0
-61,58,4,-30.5,-30.0,29.0,29.5
-61,59,4,-30.5,-30.0,29.5,30.0
-60,35,4,-30.0,-29.5,17.5,18.0
-60,47,4,-30.0,-29.5,23.5,24.0
-60,50,4,-30.0,-29.5,25.0,25.5
-60,55,4,-30.0,-29.5,27.5,28.0
-60,59,4,-30.0,-29.5,29.5,30.0
-59,42,4,-29.5,-29.0,21.0,21.5
-59,54,4,-29.5,-29.0,27.0,27.5
-59,56,4,-29.5,-29.0,28.0,28.5
-58,41,4,-29.0,-28.5,20.5,21.0
-58,49,4,-29.0,-28.5,24.5,25.0
-58,55,4,-29.0,-28.5,27.5,28.0
-56,52,4,-28.0,-27.5,26.0,26.5
-56,56,4,-28.0,-27.5,28.0,28.5
-55,45,4,-27.5,-27.0,22.5,23.0
-55,57,4,-27.5,-27.0,28.5,29.0
-55,61,4,-27.5,-27.0,30.5,31.0
-54,33,4,-27.0,-26.5,16.5,17.0
-54,40,4,-27.0,-26.5,20.0,20.5
-54,47,4,-27.0,-26.5,23.5,24.0
-54,54,4,-27.0,-26.5,27.0,27.5
-54,56,4,-27.0,-26.5,28.0,28.5
-54,57,4,-27.0,-26.5,28.5,29.0
-54,58,4,-27.0,-26.5,29.0,29.5
-53,51,4,-26.5,-26.0,25.5,26.0
-53,57,4,-26.5,-26.0,28.5,29.0
-53,59,4,-26.5,-26.0,29.5,30.0
-53,62,4,-26.5,-26.0,31.0,31.5
-53,63,4,-26.5,-26.0,31.5,32.0
-52,44,4,-26.0,-25.5,22.0,22.5
-52,52,4,-26.0,-25.5,26.0,26.5
-51,46,4,-25.5,-25.0,23.0,23.5
-51,53,4,-25.5,-25.0,26.5,27.0
-51,57,4,-25.5,-25.0,28.5,29.0
-51,59,4,-25.5,-25.0,29.5,30.0
-50,57,4,-25.0,-24.5,28.5,29.0
-50,60,4,-25.0,-24.5,30.0,30.5
-50,66,4,-25.0,-24.5,33.0,33.5
-50,67,4,-25.0,-24.5,33.5,34.0
-50,69,4,-25.0,-24.5,34.5,35.0
-49,51,4,-24.5,-24.0,25.5,26.0
-49,57,4,-24.5,-24.0,28.5,29.0
-49,60,4,-24.5,-24.0,30.0,30.5
-49,65,4,-24.5,-24.0,32.5,33.0
-49,68,4,-24.5,-24.0,34.0,34.5
-49,70,4,-24.5,-24.0,35.0,35.5
-48,44,4,-24.0,-23.5,22.0,22.5
-48,45,4,-24.0,-23.5,22.5,23.0
-48,52,4,-24.0,-23.5,26.0,26.5
-48,57,4,-24.0,-23.5,28.5,29.0
-48,58,4,-24.0,-23.5,29.0,29.5
-48,71,4,-24.0,-23.5,35.5,36.0
-48,88,4,-24.0,-23.5,44.0,44.5
-47,61,4,-23.5,-23.0,30.5,31.0
-46,40,4,-23.0,-22.5,20.0,20.5
-46,56,4,-23.0,-22.5,28.0,28.5
-46,60,4,-23.0,-22.5,30.0,30.5
-46,61,4,-23.0,-22.5,30.5,31.0
-45,53,4,-22.5,-22.0,26.5,27.0
-45,91,4,-22.5,-22.0,45.5,46.0
-44,31,4,-22.0,-21.5,15.5,16.0
-44,38,4,-22.0,-21.5,19.0,19.5
-44,87,4,-22.0,-21.5,43.5,44.0
-43,57,4,-21.5,-21.0,28.5,29.0
-42,64,4,-21.0,-20.5,32.0,32.5
-42,70,4,-21.0,-20.5,35.0,35.5
-42,93,4,-21.0,-20.5,46.5,47.0
-41,32,4,-20.5,-20.0,16.0,16.5
-41,44,4,-20.5,-20.0,22.0,22.5
-41,45,4,-20.5,-20.0,22.5,23.0
-41,54,4,-20.5,-20.0,27.0,27.5
-41,93,4,-20.5,-20.0,46.5,47.0
-41,115,4,-20.5,-20.0,57.5,58.0
-40,57,4,-20.0,-19.5,28.5,29.0
-40,60,4,-20.0,-19.5,30.0,30.5
-40,67,4,-20.0,-19.5,33.5,34.0
-40,90,4,-20.0,-19.5,45.0,45.5
-40,95,4,-20.0,-19.5,47.5,48.0
-39,57,4,-19.5,-19.0,28.5,29.0
-39,68,4,-19.5,-19.0,34.0,34.5
-39,70,4,-19.5,-19.0,35.0,35.5
-39,90,4,-19.5,-19.0,45.0,45.5
-38,27,4,-19.0,-18.5,13.5,14.0
-38,58,4,-19.0,-18.5,29.0,29.5
-38,68,4,-19.0,-18.5,34.0,34.5
-37,49,4,-18.5,-18.0,24.5,25.0
-37,52,4,-18.5,-18.0,26.0,26.5
-37,53,4,-18.5,-18.0,26.5,27.0
-37,54,4,-18.5,-18.0,27.0,27.5
-37,56,4,-18.5,-18.0,28.0,28.5
-37,58,4,-18.5,-18.0,29.0,29.5
-37,59,4,-18.5,-18.0,29.5,30.0
-37,60,4,-18.5,-18.0,30.0,30.5
-37,61,4,-18.5,-18.0,30.5,31.0
-37,72,4,-18.5,-18.0,36.0,36.5
-37,94,4,-18.5,-18.0,47.0,47.5
-36,31,4,-18.0,-17.5,15.5,16.0
-36,34,4,-18.0,-17.5,17.0,17.5
-36,35,4,-18.0,-17.5,17.5,18.0
-36,58,4,-18.0,-17.5,29.0,29.5
-36,72,4,-18.0,-17.5,36.0,36.5
-36,73,4,-18.0,-17.5,36.5,37.0
-36,97,4,-18.0,-17.5,48.5,49.0
-35,26,4,-17.5,-17.0,13.0,13.5
-35,29,4,-17.5,-17.0,14.5,15.0
-35,31,4,-17.5,-17.0,15.5,16.0
-35,53,4,-17.5,-17.0,26.5,27.0
-35,58,4,-17.5,-17.0,29.0,29.5
-35,62,4,-17.5,-17.0,31.0,31.5
-35,70,4,-17.5,-17.0,35.0,35.5
-34,60,4,-17.0,-16.5,30.0,30.5
-34,66,4,-17.0,-16.5,33.0,33.5
-33,52,4,-16.5,-16.0,26.0,26.5
-33,70,4,-16.5,-16.0,35.0,35.5
-33,78,4,-16.5,-16.0,39.0,39.5
-33,90,4,-16.5,-16.0,45.0,45.5
-33,94,4,-16.5,-16.0,47.0,47.5
-33,97,4,-16.5,-16.0,48.5,49.0
-32,46,4,-16.0,-15.5,23.0,23.5
-32,70,4,-16.0,-15.5,35.0,35.5
-32,73,4,-16.0,-15.5,36.5,37.0
-32,99,4,-16.0,-15.5,49.5,50.0
-31,27,4,-15.5,-15.0,13.5,14.0
-31,71,4,-15.5,-15.0,35.5,36.0
-31,77,4,-15.5,-15.0,38.5,39.0
-31,78,4,-15.5,-15.0,39.0,39.5
-31,96,4,-15.5,-15.0,48.0,48.5
-31,97,4,-15.5,-15.0,48.5,49.0
-30,32,4,-15.0,-14.5,16.0,16.5
-30,35,4,-15.0,-14.5,17.5,18.0
-30,53,4,-15.0,-14.5,26.5,27.0
-30,71,4,-15.0,-14.5,35.5,36.0
-30,77,4,-15.0,-14.5,38.5,39.0
-30,80,4,-15.0,-14.5,40.0,40.5
-30,96,4,-15.0,-14.5,48.0,48.5
-29,48,4,-14.5,-14.0,24.0,24.5
-29,54,4,-14.5,-14.0,27.0,27.5
-29,64,4,-14.5,-14.0,32.0,32.5
-29,68,4,-14.5,-14.0,34.0,34.5
-29,71,4,-14.5,-14.0,35.5,36.0
-28,63,4,-14.0,-13.5,31.5,32.0
-28,65,4,-14.0,-13.5,32.5,33.0
-28,67,4,-14.0,-13.5,33.5,34.0
-28,74,4,-14.0,-13.5,37.0,37.5
-27,31,4,-13.5,-13.0,15.5,16.0
-27,48,4,-13.5,-13.0,24.0,24.5
-27,50,4,-13.5,-13.0,25.0,25.5
-27,56,4,-13.5,-13.0,28.0,28.5
-27,60,4,-13.5,-13.0,30.0,30.5
-27,65,4,-13.5,-13.0,32.5,33.0
-27,71,4,-13.5,-13.0,35.5,36.0
-27,75,4,-13.5,-13.0,37.5,38.0
-27,80,4,-13.5,-13.0,40.0,40.5
-27,96,4,-13.5,-13.0,48.0,48.5
-26,65,4,-13.0,-12.5,32.5,33.0
-26,66,4,-13.0,-12.5,33.0,33.5
-26,77,4,-13.0,-12.5,38.5,39.0
-26,80,4,-13.0,-12.5,40.0,40.5
-25,32,4,-12.5,-12.0,16.0,16.5
-25,34,4,-12.5,-12.0,17.0,17.5
-25,54,4,-12.5,-12.0,27.0,27.5
-24,28,4,-12.0,-11.5,14.0,14.5
-24,29,4,-12.0,-11.5,14.5,15.0
-24,39,4,-12.0,-11.5,19.5,20.0
-24,40,4,-12.0,-11.5,20.0,20.5
-24,61,4,-12.0,-11.5,30.5,31.0
-24,66,4,-12.0,-11.5,33.0,33.5
-24,68,4,-12.0,-11.5,34.0,34.5
-23,27,4,-11.5,-11.0,13.5,14.0
-23,69,4,-11.5,-11.0,34.5,35.0
-23,80,4,-11.5,-11.0,40.0,40.5
-22,60,4,-11.0,-10.5,30.0,30.5
-22,63,4,-11.0,-10.5,31.5,32.0
-22,66,4,-11.0,-10.5,33.0,33.5
-22,71,4,-11.0,-10.5,35.5,36.0
-22,72,4,-11.0,-10.5,36.0,36.5
-21,63,4,-10.5,-10.0,31.5,32.0
-21,66,4,-10.5,-10.0,33.0,33.5
-19,30,4,-9.5,-9.0,15.0,15.5
-19,31,4,-9.5,-9.0,15.5,16.0
-19,32,4,-9.5,-9.0,16.0,16.5
-19,70,4,-9.5,-9.0,35.0,35.5
-18,27,4,-9.0,-8.5,13.5,14.0
-18,58,4,-9.0,-8.5,29.0,29.5
-18,68,4,-9.0,-8.5,34.0,34.5
-18,69,4,-9.0,-8.5,34.5,35.0
-18,71,4,-9.0,-8.5,35.5,36.0
-17,63,4,-8.5,-8.0,31.5,32.0
-17,69,4,-8.5,-8.0,34.5,35.0
-15,31,4,-7.5,-7.0,15.5,16.0
-15,72,4,-7.5,-7.0,36.0,36.5
-15,77,4,-7.5,-7.0,38.5,39.0
-14,26,4,-7.0,-6.5,13.0,13.5
-14,32,4,-7.0,-6.5,16.0,16.5
-14,70,4,-7.0,-6.5,35.0,35.5
-13,69,4,-6.5,-6.0,34.5,35.0
-12,71,4,-6.0,-5.5,35.5,36.0
-12,74,4,-6.0,-5.5,37.0,37.5
-11,63,4,-5.5,-5.0,31.5,32.0
-11,65,4,-5.5,-5.0,32.5,33.0
-11,70,4,-5.5,-5.0,35.0,35.5
-10,29,4,-5.0,-4.5,14.5,15.0
-10,68,4,-5.0,-4.5,34.0,34.5
-10,70,4,-5.0,-4.5,35.0,35.5
-10,111,4,-5.0,-4.5,55.5,56.0
-9,24,4,-4.5,-4.0,12.0,12.5
-9,29,4,-4.5,-4.0,14.5,15.0
-8,24,4,-4.0,-3.5,12.0,12.5
-8,27,4,-4.0,-3.5,13.5,14.0
-8,63,4,-4.0,-3.5,31.5,32.0
-8,71,4,-4.0,-3.5,35.5,36.0
-8,73,4,-4.0,-3.5,36.5,37.0
-8,76,4,-4.0,-3.5,38.0,38.5
-7,62,4,-3.5,-3.0,31.0,31.5
-7,71,4,-3.5,-3.0,35.5,36.0
-7,72,4,-3.5,-3.0,36.0,36.5
-6,71,4,-3.0,-2.5,35.5,36.0
-5,32,4,-2.5,-2.0,16.0,16.5
-5,67,4,-2.5,-2.0,33.5,34.0
-5,71,4,-2.5,-2.0,35.5,36.0
-5,72,4,-2.5,-2.0,36.0,36.5
-5,76,4,-2.5,-2.0,38.0,38.5
-5,82,4,-2.5,-2.0,41.0,41.5
-4,22,4,-2.0,-1.5,11.0,11.5
-4,32,4,-2.0,-1.5,16.0,16.5
-4,68,4,-2.0,-1.5,34.0,34.5
-4,73,4,-2.0,-1.5,36.5,37.0
-3,18,4,-1.5,-1.0,9.0,9.5
-3,26,4,-1.5,-1.0,13.0,13.5
-3,61,4,-1.5,-1.0,30.5,31.0
-3,63,4,-1.5,-1.0,31.5,32.0
-3,68,4,-1.5,-1.0,34.0,34.5
-3,80,4,-1.5,-1.0,40.0,40.5
-2,20,4,-1.0,-0.5,10.0,10.5
-2,77,4,-1.0,-0.5,38.5,39.0
-1,62,4,-0.5,0.0,31.0,31.5
-1,64,4,-0.5,0.0,32.0,32.5
-1,76,4,-0.5,0.0,38.0,38.5
-1,79,4,-0.5,0.0,39.5,40.0
0,70,4,0.0,0.5,35.0,35.5
0,72,4,0.0,0.5,36.0,36.5
0,75,4,0.0,0.5,37.5,38.0
1,24,4,0.5,1.0,12.0,12.5
1,63,4,0.5,1.0,31.5,32.0
1,65,4,0.5,1.0,32.5,33.0
1,72,4,0.5,1.0,36.0,36.5
1,73,4,0.5,1.0,36.5,37.0
2,32,4,1.0,1.5,16.0,16.5
2,33,4,1.0,1.5,16.5,17.0
2,70,4,1.0,1.5,35.0,35.5
2,77,4,1.0,1.5,38.5,39.0
3,32,4,1.5,2.0,16.0,16.5
3,71,4,1.5,2.0,35.5,36.0
4,21,4,2.0,2.5,10.5,11.0
4,23,4,2.0,2.5,11.5,12.0
4,63,4,2.0,2.5,31.5,32.0
5,19,4,2.5,3.0,9.5,10.0
5,61,4,2.5,3.0,30.5,31.0
5,62,4,2.5,3.0,31.0,31.5
6,24,4,3.0,3.5,12.0,12.5
6,61,4,3.0,3.5,30.5,31.0
6,64,4,3.0,3.5,32.0,32.5
6,68,4,3.0,3.5,34.0,34.5
6,72,4,3.0,3.5,36.0,36.5
7,23,4,3.5,4.0,11.5,12.0
7,26,4,3.5,4.0,13.0,13.5
7,63,4,3.5,4.0,31.5,32.0
7,70,4,3.5,4.0,35.0,35.5
7,77,4,3.5,4.0,38.5,39.0
7,83,4,3.5,4.0,41.5,42.0
8,14,4,4.0,4.5,7.0,7.5
8,28,4,4.0,4.5,14.0,14.5
9,-16,4,4.5,5.0,-8.0,-7.5
9,-14,4,4.5,5.0,-7.0,-6.5
9,18,4,4.5,5.0,9.0,9.5
9,24,4,4.5,5.0,12.0,12.5
10,-18,4,5.0,5.5,-9.0,-8.5
10,-15,4,5.0,5.5,-7.5,-7.0
10,-10,4,5.0,5.5,-5.0,-4.5
10,-5,4,5.0,5.5,-2.5,-2.0
10,-2,4,5.0,5.5,-1.0,-0.5
10,15,4,5.0,5.5,7.5,8.0
11,-16,4,5.5,6.0,-8.0,-7.5
11,-10,4,5.5,6.0,-5.0,-4.5
11,-8,4,5.5,6.0,-4.0,-3.5
11,-5,4,5.5,6.0,-2.5,-2.0
11,14,4,5.5,6.0,7.0,7.5
11,29,4,5.5,6.0,14.5,15.0
11,74,4,5.5,6.0,37.0,37.5
11,75,4,5.5,6.0,37.5,38.0
12,-21,4,6.0,6.5,-10.5,-10.0
12,-19,4,6.0,6.5,-9.5,-9.0
12,-18,4,6.0,6.5,-9.0,-8.5
12,-14,4,6.0,6.5,-7.0,-6.5
12,-9,4,6.0,6.5,-4.5,-4.0
12,-5,4,6.0,6.5,-2.5,-2.0
12,-4,4,6.0,6.5,-2.0,-1.5
12,3,4,6.0,6.5,1.5,2.0
12,5,4,6.0,6.5,2.5,3.0
12,6,4,6.0,6.5,3.0,3.5
12,14,4,6.0,6.5,7.0,7.5
12,16,4,6.0,6.5,8.0,8.5
12,79,4,6.0,6.5,39.5,40.0
13,-22,4,6.5,7.0,-11.0,-10.5
13,-21,4,6.5,7.0,-10.5,-10.0
13,-18,4,6.5,7.0,-9.0,-8.5
13,-17,4,6.5,7.0,-8.5,-8.0
13,14,4,6.5,7.0,7.0,7.5
13,17,4,6.5,7.0,8.5,9.0
13,25,4,6.5,7.0,12.5,13.0
13,70,4,6.5,7.0,35.0,35.5
13,78,4,6.5,7.0,39.0,39.5
14,-21,4,7.0,7.5,-10.5,-10.0
14,-20,4,7.0,7.5,-10.0,-9.5
14,-19,4,7.0,7.5,-9.5,-9.0
14,-17,4,7.0,7.5,-8.5,-8.0
14,-16,4,7.0,7.5,-8.0,-7.5
14,-14,4,7.0,7.5,-7.0,-6.5
14,-7,4,7.0,7.5,-3.5,-3.0
14,-1,4,7.0,7.5,-0.5,0.0
14,5,4,7.0,7.5,2.5,3.0
14,18,4,7.0,7.5,9.0,9.5
14,19,4,7.0,7.5,9.5,10.0
14,74,4,7.0,7.5,37.0,37.5
14,76,4,7.0,7.5,38.0,38.5
14,80,4,7.0,7.5,40.0,40.5
15,-26,4,7.5,8.0,-13.0,-12.5
15,-20,4,7.5,8.0,-10.0,-9.5
15,-16,4,7.5,8.0,-8.0,-7.5
15,-10,4,7.5,8.0,-5.0,-4.5
15,-3,4,7.5,8.0,-1.5,-1.0
15,5,4,7.5,8.0,2.5,3.0
15,11,4,7.5,8.0,5.5,6.0
15,15,4,7.5,8.0,7.5,8.0
15,30,4,7.5,8.0,15.0,15.5
15,68,4,7.5,8.0,34.0,34.5
15,77,4,7.5,8.0,38.5,39.0
16,-26,4,8.0,8.5,-13.0,-12.5
16,-21,4,8.0,8.5,-10.5,-10.0
16,-14,4,8.0,8.5,-7.0,-6.5
16,-13,4,8.0,8.5,-6.5,-6.0
16,-4,4,8.0,8.5,-2.0,-1.5
16,-2,4,8.0,8.5,-1.0,-0.5
16,3,4,8.0,8.5,1.5,2.0
16,8,4,8.0,8.5,4.0,4.5
16,10,4,8.0,8.5,5.0,5.5
16,24,4,8.0,8.5,12.0,12.5
16,72,4,8.0,8.5,36.0,36.5
16,76,4,8.0,8.5,38.0,38.5
16,77,4,8.0,8.5,38.5,39.0
16,84,4,8.0,8.5,42.0,42.5
17,-27,4,8.5,9.0,-13.5,-13.0
17,-25,4,8.5,9.0,-12.5,-12.0
17,-24,4,8.5,9.0,-12.0,-11.5
17,-20,4,8.5,9.0,-10.0,-9.5
17,-12,4,8.5,9.0,-6.0,-5.5
17,-2,4,8.5,9.0,-1.0,-0.5
17,-1,4,8.5,9.0,-0.5,0.0
17,2,4,8.5,9.0,1.0,1.5
17,3,4,8.5,9.0,1.5,2.0
17,4,4,8.5,9.0,2.0,2.5
17,14,4,8.5,9.0,7.0,7.5
17,80,4,8.5,9.0,40.0,40.5
18,-21,4,9.0,9.5,-10.5,-10.0
18,-7,4,9.0,9.5,-3.5,-3.0
18,1,4,9.0,9.5,0.5,1.0
18,3,4,9.0,9.5,1.5,2.0
18,12,4,9.0,9.5,6.0,6.5
18,24,4,9.0,9.5,12.0,12.5
18,25,4,9.0,9.5,12.5,13.0
18,26,4,9.0,9.5,13.0,13.5
18,77,4,9.0,9.5,38.5,39.0
18,80,4,9.0,9.5,40.0,40.5
18,81,4,9.0,9.5,40.5,41.0
18,83,4,9.0,9.5,41.5,42.0
19,-26,4,9.5,10.0,-13.0,-12.5
19,-25,4,9.5,10.0,-12.5,-12.0
19,-23,4,9.5,10.0,-11.5,-11.0
19,-18,4,9.5,10.0,-9.0,-8.5
19,-16,4,9.5,10.0,-8.0,-7.5
19,-9,4,9.5,10.0,-4.5,-4.0
19,-6,4,9.5,10.0,-3.0,-2.5
19,-5,4,9.5,10.0,-2.5,-2.0
19,22,4,9.5,10.0,11.0,11.5
19,69,4,9.5,10.0,34.5,35.0
19,74,4,9.5,10.0,37.0,37.5
19,78,4,9.5,10.0,39.0,39.5
19,82,4,9.5,10.0,41.0,41.5
20,-27,4,10.0,10.5,-13.5,-13.0
20,-26,4,10.0,10.5,-13.0,-12.5
20,-23,4,10.0,10.5,-11.5,-11.0
20,-15,4,10.0,10.5,-7.5,-7.0
20,-5,4,10.0,10.5,-2.5,-2.0
20,-4,4,10.0,10.5,-2.0,-1.5
20,0,4,10.0,10.5,0.0,0.5
20,7,4,10.0,10.5,3.5,4.0
20,20,4,10.0,10.5,10.0,10.5
20,22,4,10.0,10.5,11.0,11.5
20,69,4,10.0,10.5,34.5,35.0
20,76,4,10.0,10.5,38.0,38.5
20,79,4,10.0,10.5,39.5,40.0
21,-27,4,10.5,11.0,-13.5,-13.0
21,-16,4,10.5,11.0,-8.0,-7.5
21,-13,4,10.5,11.0,-6.5,-6.0
21,-12,4,10.5,11.0,-6.0,-5.5
21,-10,4,10.5,11.0,-5.0,-4.5
21,-6,4,10.5,11.0,-3.0,-2.5
21,1,4,10.5,11.0,0.5,1.0
21,5,4,10.5,11.0,2.5,3.0
21,12,4,10.5,11.0,6.0,6.5
21,20,4,10.5,11.0,10.0,10.5
21,49,4,10.5,11.0,24.5,25.0
21,51,4,10.5,11.0,25.5,26.0
22,-24,4,11.0,11.5,-12.0,-11.5
22,-23,4,11.0,11.5,-11.5,-11.0
22,-7,4,11.0,11.5,-3.5,-3.0
22,-5,4,11.0,11.5,-2.5,-2.0
22,-1,4,11.0,11.5,-0.5,0.0
22,5,4,11.0,11.5,2.5,3.0
22,9,4,11.0,11.5,4.5,5.0
22,10,4,11.0,11.5,5.0,5.5
22,28,4,11.0,11.5,14.0,14.5
22,73,4,11.0,11.5,36.5,37.0
23,-28,4,11.5,12.0,-14.0,-13.5
23,-13,4,11.5,12.0,-6.5,-6.0
23,-12,4,11.5,12.0,-6.0,-5.5
23,-3,4,11.5,12.0,-1.5,-1.0
23,-2,4,11.5,12.0,-1.0,-0.5
23,2,4,11.5,12.0,1.0,1.5
23,8,4,11.5,12.0,4.0,4.5
23,25,4,11.5,12.0,12.5,13.0
23,47,4,11.5,12.0,23.5,24.0
24,-34,4,12.0,12.5,-17.0,-16.5
24,-26,4,12.0,12.5,-13.0,-12.5
24,-25,4,12.0,12.5,-12.5,-12.0
24,-11,4,12.0,12.5,-5.5,-5.0
24,-10,4,12.0,12.5,-5.0,-4.5
24,-7,4,12.0,12.5,-3.5,-3.0
24,-5,4,12.0,12.5,-2.5,-2.0
24,3,4,12.0,12.5,1.5,2.0
24,8,4,12.0,12.5,4.0,4.5
24,13,4,12.0,12.5,6.5,7.0
24,20,4,12.0,12.5,10.0,10.5
24,51,4,12.0,12.5,25.5,26.0
24,74,4,12.0,12.5,37.0,37.5
24,78,4,12.0,12.5,39.0,39.5
25,-32,4,12.5,13.0,-16.0,-15.5
25,-27,4,12.5,13.0,-13.5,-13.0
25,-20,4,12.5,13.0,-10.0,-9.5
25,-16,4,12.5,13.0,-8.0,-7.5
25,-9,4,12.5,13.0,-4.5,-4.0
25,3,4,12.5,13.0,1.5,2.0
25,6,4,12.5,13.0,3.0,3.5
25,8,4,12.5,13.0,4.0,4.5
25,9,4,12.5,13.0,4.5,5.0
25,10,4,12.5,13.0,5.0,5.5
25,16,4,12.5,13.0,8.0,8.5
25,20,4,12.5,13.0,10.0,10.5
25,46,4,12.5,13.0,23.0,23.5
25,62,4,12.5,13.0,31.0,31.5
25,79,4,12.5,13.0,39.5,40.0
26,-32,4,13.0,13.5,-16.0,-15.5
26,-30,4,13.0,13.5,-15.0,-14.5
26,-29,4,13.0,13.5,-14.5,-14.0
26,-23,4,13.0,13.5,-11.5,-11.0
26,-22,4,13.0,13.5,-11.0,-10.5
26,-21,4,13.0,13.5,-10.5,-10.0
26,-19,4,13.0,13.5,-9.5,-9.0
26,-15,4,13.0,13.5,-7.5,-7.0
26,-14,4,13.0,13.5,-7.0,-6.5
26,-4,4,13.0,13.5,-2.0,-1.5
26,-2,4,13.0,13.5,-1.0,-0.5
26,6,4,13.0,13.5,3.0,3.5
26,7,4,13.0,13.5,3.5,4.0
26,10,4,13.0,13.5,5.0,5.5
26,24,4,13.0,13.5,12.0,12.5
26,25,4,13.0,13.5,12.5,13.0
26,71,4,13.0,13.5,35.5,36.0
26,78,4,13.0,13.5,39.0,39.5
27,-33,4,13.5,14.0,-16.5,-16.0
27,-31,4,13.5,14.0,-15.5,-15.0
27,-29,4,13.5,14.0,-14.5,-14.0
27,-24,4,13.5,14.0,-12.0,-11.5
27,-17,4,13.5,14.0,-8.5,-8.0
27,-14,4,13.5,14.0,-7.0,-6.5
27,-13,4,13.5,14.0,-6.5,-6.0
27,-4,4,13.5,14.0,-2.0,-1.5
27,-1,4,13.5,14.0,-0.5,0.0
27,1,4,13.5,14.0,0.5,1.0
27,6,4,13.5,14.0,3.0,3.5
27,12,4,13.5,14.0,6.0,6.5
27,51,4,13.5,14.0,25.5,26.0
27,59,4,13.5,14.0,29.5,30.0
27,60,4,13.5,14.0,30.0,30.5
28,-31,4,14.0,14.5,-15.5,-15.0
28,-29,4,14.0,14.5,-14.5,-14.0
28,-24,4,14.0,14.5,-12.0,-11.5
28,-19,4,14.0,14.5,-9.5,-9.0
28,-16,4,14.0,14.5,-8.0,-7.5
28,-15,4,14.0,14.5,-7.5,-7.0
28,-13,4,14.0,14.5,-6.5,-6.0
28,-12,4,14.0,14.5,-6.0,-5.5
28,3,4,14.0,14.5,1.5,2.0
28,12,4,14.0,14.5,6.0,6.5
28,20,4,14.0,14.5,10.0,10.5
28,21,4,14.0,14.5,10.5,11.0
28,76,4,14.0,14.5,38.0,38.5
29,-32,4,14.5,15.0,-16.0,-15.5
29,-19,4,14.5,15.0,-9.5,-9.0
29,2,4,14.5,15.0,1.0,1.5
29,17,4,14.5,15.0,8.5,9.0
29,66,4,14.5,15.0,33.0,33.5
29,67,4,14.5,15.0,33.5,34.0
30,6,4,15.0,15.5,3.0,3.5
30,11,4,15.0,15.5,5.5,6.0
30,21,4,15.0,15.5,10.5,11.0
31,-34,4,15.5,16.0,-17.0,-16.5
31,-31,4,15.5,16.0,-15.5,-15.0
31,-28,4,15.5,16.0,-14.0,-13.5
31,-25,4,15.5,16.0,-12.5,-12.0
31,-24,4,15.5,16.0,-12.0,-11.5
31,-21,4,15.5,16.0,-10.5,-10.0
31,-8,4,15.5,16.0,-4.0,-3.5
31,-6,4,15.5,16.0,-3.0,-2.5
31,11,4,15.5,16.0,5.5,6.0
32,-27,4,16.0,16.5,-13.5,-13.0
32,-20,4,16.0,16.5,-10.0,-9.5
32,0,4,16.0,16.5,0.0,0.5
33,-32,4,16.5,17.0,-16.0,-15.5
33,-29,4,16.5,17.0,-14.5,-14.0
33,-3,4,16.5,17.0,-1.5,-1.0
33,65,4,16.5,17.0,32.5,33.0
34,-21,4,17.0,17.5,-10.5,-10.0
34,14,4,17.0,17.5,7.0,7.5
34,16,4,17.0,17.5,8.0,8.5
34,68,4,17.0,17.5,34.0,34.5
35,-32,4,17.5,18.0,-16.0,-15.5
36,-32,4,18.0,18.5,-16.0,-15.5
36,2,4,18.0,18.5,1.0,1.5
37,73,4,18.5,19.0,36.5,37.0
38,74,4,19.0,19.5,37.0,37.5
41,-35,4,20.5,21.0,-17.5,-17.0
45,-26,4,22.5,23.0,-13.0,-12.5
54,-27,4,27.0,27.5,-13.5,-13.0
59,-19,4,29.5,30.0,-9.5,-9.0
63,-17,4,31.5,32.0,-8.5,-8.0
64,-13,4,32.0,32.5,-6.5,-6.0
65,-13,4,32.5,33.0,-6.5,-6.0
65,-11,4,32.5,33.0,-5.5,-5.0
65,21,4,32.5,33.0,10.5,11.0
66,-18,4,33.0,33.5,-9.0,-8.5
66,-17,4,33.0,33.5,-8.5,-8.0
66,-13,4,33.0,33.5,-6.5,-6.0
66,18,4,33.0,33.5,9.0,9.5
66,21,4,33.0,33.5,10.5,11.0
67,-16,4,33.5,34.0,-8.0,-7.5
67,21,4,33.5,34.0,10.5,11.0
68,-9,4,34.0,34.5,-4.5,-4.0
68,20,4,34.0,34.5,10.0,10.5
69,-10,4,34.5,35.0,-5.0,-4.5
70,-13,4,35.0,35.5,-6.5,-6.0
70,-8,4,35.0,35.5,-4.0,-3.5
70,-5,4,35.0,35.5,-2.5,-2.0
70,20,4,35.0,35.5,10.0,10.5
73,19,4,36.5,37.0,9.5,10.0
74,18,4,37.0,37.5,9.0,9.5
